registration,hex,icao
N74JD,n/a,TB20
N6113F,n/a,C182
N420CC,A4FBD4,F2TH
N65AJ,n/a,BE35
N967QS,n/a,C68A
N288CA,n/a,P212
N32168,n/a,WACF
23-03525,n/a,H64
N117FH,n/a,CH75
N114AD,n/a,AC11
N223SM,n/a,COL4
N214RA,n/a,P28A
N9VM,n/a,M7
N924TK,n/a,SR22
N97353,n/a,M20T
N290SA,n/a,CRJ2
N444HB,n/a,SF50
N9058V,n/a,M20P
N1971P,n/a,S6
C-GJWY,n/a,P210
C-GJAG,n/a,RV7
N574BA,n/a,A5
N1303U,n/a,C172
N609FX,n/a,E550
N14544,n/a,A21N
N212WK,n/a,P210
N735GS,n/a,C182
N525EC,n/a,SR22
N24993,n/a,B789
N614WD,n/a,CL35
N930AX,n/a,TBM9
N17414,n/a,B39M
N587DT,n/a,A21N
N8962L,n/a,B38M
N77592,n/a,B39M
N27404,n/a,B39M
N17413,n/a,B39M
N17594,n/a,B39M
N5090T,n/a,BE19
N4634F,n/a,C206
N528LL,n/a,CC11
N824XZ,n/a,S22T
N7717N,n/a,P28A
N624CP,n/a,SR20
N65620,n/a,C172
N279LG,n/a,P28B
N98747,n/a,C340
N440TM,n/a,COL4
N345CQ,n/a,P28U
N43MD,n/a,GLIM
N615MA,n/a,CH7B
N540TM,n/a,GLAS
N461FA,n/a,P28A
N729MD,n/a,GLIM
N802RP,n/a,PIAT
C-GNBM,n/a,C150
C-FYGK,n/a,DA40
C-GGKD,n/a,DV20
N6007Z,n/a,AC11
N3446,n/a,RV4
N750ZD,n/a,CH75
N256RV,n/a,RV6
N707SR,n/a,CRER
N513JH,n/a,FOX
N972MW,n/a,P28R
N4316W,n/a,BE33
N502LP,n/a,PIAT
N52213,n/a,C182
N5833H,n/a,PA16
N814RP,n/a,SMAX
N700FB,n/a,C421
N17407,n/a,B39M
N70507,n/a,PA11
N7141B,n/a,PA22
N5357H,n/a,C152
N1173F,n/a,C172
N180JW,n/a,C180
N99399,n/a,ERCO
N8966P,n/a,PA24
N118EG,n/a,T206
N541TD,n/a,RV14
N46632,n/a,C172
N214RC,n/a,BE35
N51295,n/a,C172
N93671,n/a,BL17
N336CP,n/a,C82S
N5486D,n/a,C172
N3532Z,n/a,PA22
N53045,n/a,C172
N944EW,n/a,AR15
N9707L,n/a,BE24
N751AB,n/a,E170
N253TH,n/a,BALL
N427G,n/a,AC11
N364SP,n/a,C172
N28PD,n/a,COL4
N916GM,n/a,COL3
C-GJMT,n/a,PA31
N600BB,n/a,BE58
N3083T,n/a,P28A
N922RA,n/a,C182
N7543G,n/a,C172
N918K,n/a,SR22
N25RH,n/a,BE33
16-20886,n/a,H60
N398G,n/a,M20P
23-03526,n/a,H64
N1699R,n/a,C82R
N8094N,n/a,P28A
N2291V,n/a,C140
23-03524,n/a,H64
N714PS,n/a,CRUZ
N89760,n/a,C140
N201DA,n/a,M20P
EI-XLU,n/a,A21N
C-GGGJ,n/a,J3
15-08464,n/a,H47
N607FX,n/a,E550
N8824,n/a,RV8
N83QD,n/a,BE9L
16-20881,n/a,H60
16-20838,n/a,H60
N441WW,n/a,BE33
C-GBLJ,n/a,C340
N12AJ,n/a,PC24
N3247J,n/a,BCS3
N399FX,n/a,E55P
N18YP,n/a,E50P
N9492N,n/a,P28R
N2193J,n/a,A21N
N3242J,n/a,BCS3
C-GPAB,n/a,BE10
N30013,n/a,C177
N787YX,n/a,E75L
N782YX,n/a,E75L
N7069D,n/a,PA31
N544FX,n/a,CL35
N298GT,n/a,TOBA
N701DP,n/a,CH60
N1972V,n/a,C120
N41GD,n/a,C402
N26770,n/a,AA5
N821NV,n/a,B38M
N7368F,n/a,C172
N732BY,n/a,C210
N8412F,n/a,SR22
N235PX,n/a,C182
N677LM,n/a,S22T
N2474G,n/a,PA38
N13208,n/a,C172
N62488,n/a,C172
N887QS,n/a,C700
N199TC,n/a,P32R
N792JH,n/a,BE58
N132JM,n/a,SR22
N41376,n/a,P28A
N700LE,n/a,GA7C
N408SA,n/a,DA42
N442AD,n/a,DA42
N107EL,n/a,C172
C-GMMF,n/a,M600
N8374P,n/a,PA32
N963WW,n/a,P28R
N240BZ,n/a,BCS3
N129BT,n/a,B412
N4647Z,n/a,RV10
N462S,n/a,JAB4
N778JH,n/a,BE77
N954MT,n/a,DA40
N4246Q,n/a,C172
N710PD,n/a,B505
N204P,n/a,BE36
N525DD,n/a,BE55
N135MT,n/a,PA44
N717DH,n/a,FA10
N1191Z,n/a,AA5
N6015F,n/a,P28A
N899TJ,n/a,S22T
N630HR,n/a,C172
N19850,n/a,C172
N735SF,n/a,LJ75
N553DR,n/a,RV9
N412U,n/a,P208
N420SP,n/a,C172
N714WP,n/a,C152
N67778,n/a,C152
N78BQ,n/a,EPIC
N6366K,n/a,C150
N36073,n/a,P32T
N44AE,n/a,PA34
N596DT,n/a,A21N
N1853B,n/a,BE55
N57BC,n/a,PTS2
N962RA,n/a,EC30
23-03530,n/a,H64
C-GXPL,n/a,AT5T
N315X,n/a,S22T
N2148C,n/a,M20P
N3284M,n/a,C310
N931SC,n/a,PA38
N84Z,n/a,BE95
N3AF,n/a,S22T
N8275D,n/a,P28A
N2152S,n/a,C172
N43502,n/a,TAYB
20-5982,n/a,C30J
N967JB,n/a,CL35
N577BB,n/a,C55B
23-03527,n/a,H64
N345JW,n/a,PC12
N47412,n/a,B39M
N814LC,n/a,C550
N818WP,n/a,GA6C
N252LM,n/a,S22T
N3221J,n/a,BCS3
N7697A,n/a,RV7
03-26994,n/a,H60
N639NN,n/a,CRJ9
N683SD,n/a,BT36
N425DL,n/a,C72R
N685SR,n/a,SR22
N9522X,n/a,C182
N8807P,n/a,PA24
N734DJ,n/a,C750
N797MT,n/a,PA34
N44GA,n/a,C414
N825NV,n/a,B38M
N23SJ,n/a,BT36
N3241J,n/a,BCS3
N591DT,n/a,A21N
N999VC,n/a,DA40
G-VPIE,n/a,A339
G-ZBLL,n/a,B78X
N145BW,n/a,S22T
N141HB,n/a,AP32
N31VS,n/a,CH7B
N14VV,n/a,HUSK
N54CE,n/a,EPIC
N3444Q,n/a,C320
170494,n/a,H60
N300CE,n/a,SLG4
N63994,n/a,PA27
N6905J,n/a,P28R
N318CS,n/a,C240
N9864C,n/a,C82R
N912PD,n/a,SREY
N44GW,n/a,PA46
N19NJ,n/a,C172
N372TA,n/a,C172
N415CA,n/a,P28A
N112VA,n/a,RV12
N38639,n/a,P28S
N20000,n/a,NAVI
C-FFYB,n/a,SEAW
N6043N,n/a,C162
N50906,n/a,C172
N9167S,n/a,BE23
N755EP,n/a,FBA2
N52885,n/a,C77R
N6172L,n/a,AA1
N888KT,n/a,AEST
N319WS,n/a,SR22
N23059,n/a,C150
N84799,n/a,GC1
N1944F,n/a,VIX
08-08752,n/a,H47
N148DW,n/a,T206
N781YX,n/a,E75L
22-14539,n/a,H60
N854RM,n/a,RANG
N465FA,n/a,P28A
N748JH,n/a,BE33
N455SD,n/a,B58T
N9232J,n/a,P28A
N14553,n/a,A21N
N557MR,n/a,C560
F-HXSQ,n/a,A20N
TC-LPU,n/a,A21N
9H-WMI,n/a,A21N
TC-OHC,n/a,B38M
TC-LPP,n/a,A21N
TC-LBU,n/a,A320
TC-LBP,n/a,A320
TC-OHG,n/a,B38M
TC-LBC,n/a,A321
N4896M,n/a,C172
TC-GRG,n/a,A321
HZ-ASAK,n/a,A21N
A6-LRG,n/a,A21N
A7-AJC,n/a,A21N
A7-BHS,n/a,B789
A6-AQP,n/a,A320
HZ-ASAL,n/a,A21N
TC-LJU,n/a,B77L
A6-AFO,n/a,E35L
PS-AET,n/a,E295
PS-AVC,n/a,P06T
PS-GRN,n/a,B38M
9V-OFM,n/a,B788
PS-FRF,n/a,EC30
PS-AEY,n/a,E295
9K-AQB,n/a,A21N
A6-SSM,n/a,C172
A6-KIF,n/a,AP22
C-FLJR,n/a,DA62
N3209D,n/a,BE58
4R-ALT,n/a,A332
N248MA,n/a,BL8
EP-MJD,n/a,A343
N26370,n/a,C310
N5303J,n/a,C172
F-WZLP,n/a,A21N
N9714L,n/a,BE19
N1856E,n/a,C310
N65331,n/a,C172
N993MM,n/a,SR22
N717VS,n/a,BE60
N1327N,n/a,C172
N793JH,n/a,S22T
N990VA,n/a,TWEN
N6512D,n/a,C172
N780CP,n/a,C182
N174ME,n/a,C172
N8975K,n/a,B38M
ZK-EMD,n/a,GA20
N8041Z,n/a,AT8T
N1345P,n/a,PA23
ZK-CHP,n/a,DHC1
ZK-JUN,n/a,SVNH
N55696,n/a,P28R
N133ML,n/a,NG5
N123TY,n/a,S108
N513MM,n/a,PA18
N143SF,n/a,CH65
N33KF,n/a,DA62
N440Q,n/a,BE35
N1751X,n/a,DRON
N43813,n/a,P28A
163611,n/a,HAWK
N727MP,n/a,BE36
761585,n/a,F5
N185US,n/a,C185
N6025E,n/a,C82S
N575TA,n/a,ECHO
N270PM,n/a,SIRA
N88AP,n/a,PA30
N369DA,n/a,C172
N399RS,n/a,GLST
170265,n/a,A119
N348EA,n/a,PISI
N6509L,n/a,C152
N19JG,n/a,C175
N678YX,n/a,HIGH
N4153X,n/a,VO10
170244,n/a,A119
N321GF,n/a,MM24
N601PT,n/a,AEST
N26419,n/a,S10
170262,n/a,A119
170243,n/a,A119
VH-OXK,n/a,PA44
VH-FFZ,n/a,SLG2
A47-013,n/a,P8
VH-NPN,n/a,C172
VH-IUU,n/a,DA42
VH-NNT,n/a,P32R
VH-ISD,n/a,C172
VH-8TB,n/a,RS21
VH-SIZ,n/a,C172
VH-KFN,n/a,C172
VH-FRQ,n/a,C206
VH-NMC,n/a,BE55
VH-XNP,n/a,DA40
VH-DDM,n/a,P28A
VH-NZE,n/a,GLIM
VH-VAE,n/a,BE20
VH-SGE,n/a,P28R
VH-BTN,n/a,P28A
23-8852,n/a,AP32
VH-NMY,n/a,CT4
VH-DVW,n/a,PA31
VH-JAL,n/a,SLG2
VH-84B,n/a,DH8D
VH-XNI,n/a,DA40
VH-CNI,n/a,AC11
G-6789,n/a,GYRO
VH-VNH,n/a,DA40
VH-X3D,n/a,A320
VH-VWF,n/a,M18
VH-FLM,n/a,BE95
VH-IRN,n/a,R200
VH-DDX,n/a,P28A
VH-XW9,n/a,WT9
VH-XOT,n/a,GLIM
VH-HDJ,n/a,GLIM
VH-DLJ,n/a,GLIM
VH-ZDW,n/a,AS29
VH-ULF,n/a,C310
VH-GWK,n/a,PK20
VH-IIC,n/a,AS20
VH-GCE,n/a,GLIM
VH-GJH,n/a,GLIM
VH-GCK,n/a,GLIM
VH-XTK,n/a,AS29
VH-GYR,n/a,GLIM
VH-XQT,n/a,GLIM
VH-DLJ,n/a,GLIM
VH-URF,n/a,GLIM
VH-GZW,n/a,GLIM
VH-IQN,n/a,GLIM
VH-UAJ,n/a,BE95
VH-NLY,n/a,C172
VH-GWZ,n/a,GLIM
VH-YJT,n/a,AS29
VH-GKO,n/a,AS20
VH-DOH,n/a,GLIM
VH-NSZ,n/a,GLIM
VH-OGA,n/a,A21N
VH-PAL,n/a,TB20
VH-OYX,n/a,A21N
VH-FSA,n/a,C337
VH-LXC,n/a,BE58
VH-DEG,n/a,C421
VH-GAY,n/a,PK20
VH-IQN,n/a,GLIM
VH-A5C,n/a,A20N
VH-LET,n/a,AC50
VH-84P,n/a,DH8D
N987JH,n/a,TRF1
VH-FVV,n/a,TOUR
N324ES,n/a,E75L
N400MZ,n/a,C25M
N414LM,n/a,C414
N11TT,n/a,SF50
N611FX,n/a,E550
N118MC,n/a,PA31
N719PJ,n/a,FDCT
N261JS,n/a,SR20
N71JT,n/a,C182
N2317G,n/a,T210
ZK-SXL,n/a,AT6T
ZK-EVD,n/a,PA38
SP-LVP,n/a,B38M
N482LP,n/a,PIVI
N18DG,n/a,EAGL
N7163Z,n/a,COZY
N93BS,n/a,PTS1
N2448H,n/a,ERCO
N82FC,n/a,TL20
N429RC,n/a,C414
N551AF,n/a,PC24
ZK-CBM,n/a,C172
ZK-WFT,n/a,C172
ZK-MZH,n/a,AT76
ZK-GEO,n/a,GLIM
ZK-JBU,n/a,C152
N976MK,n/a,BE55
ZK-TWN,n/a,P06T
HP-9803CMP,n/a,B38M
ZK-RDW,n/a,FK9
ZK-GPK,n/a,GLIM
ZK-TZB,n/a,DR40
ZK-JRA,n/a,C172
ZK-TAU,n/a,C172
N21VA,n/a,VELO
C-GVXD,n/a,SRAI
C-GRRR,n/a,P28U
N410LS,n/a,LJ45
N315UU,n/a,B38M
G-VEYR,n/a,A339
N311CA,n/a,C421
N367SP,n/a,B763
VQ-TGD,n/a,AT45
165247,n/a,H53S
D-ANCK,n/a,A20N
EI-ILD,n/a,B38M
N5080V,n/a,MOR2
N3WB,n/a,EVOT
N975PK,n/a,T18
N2009Y,n/a,BE76
N809NH,n/a,BE36
N170KW,n/a,C170
N1243L,n/a,LA4
N569LD,n/a,PA46
N16GN,n/a,RV9
N8504L,n/a,PA25
N459AA,n/a,P06T
N125PW,n/a,GLIM
N135VR,n/a,VR7
N640NN,n/a,CRJ9
N3280J,n/a,BCS3
9V-YFC,n/a,DA40
9M-JET,n/a,DA40
N3272J,n/a,BCS3
N2671N,n/a,C140
9V-NCK,n/a,A21N
9V-YFH,n/a,DA40
N6AA,n/a,COL4
9V-THD,n/a,E290
N619AP,n/a,SF50
N434DX,n/a,A339
N869MW,n/a,E55P
N227CY,n/a,B763
N589DT,n/a,A21N
PK-AZW,n/a,A320
N309UL,n/a,B38M
PK-TLK,n/a,A321
9V-THC,n/a,E290
B-226U,n/a,B38M
N868SG,n/a,DA62
9V-TNI,n/a,A20N
N96749,n/a,C182
PJ-DVH,n/a,DHC6
168891,n/a,F18S
YV670T,n/a,MD82
168392,n/a,F18S
HK-5447,n/a,B734
YV8999,n/a,JS31
N849AN,n/a,B789
YV3499,n/a,MD83
N979DS,n/a,OSCR
N97GT,n/a,TB21
N1950J,n/a,SHRK
N7MW,n/a,BE58
B32LJ,n/a,A19N
9H-WNW,n/a,A21N
9H-WNT,n/a,A21N
HOHOHO,n/a,SLEI
N371DB,n/a,CL30
C-FFNW,n/a,B38M
N601DT,n/a,A21N
N701SM,n/a,LNCE
N35SD,n/a,SR20
N528DB,n/a,SR22
24-03537,n/a,H64
N261BZ,n/a,BCS3
N2516V,n/a,C77R
N444CV,n/a,SR22
N928HB,n/a,BE58
N904L,n/a,DA40
N387L,n/a,DA42
N446L,n/a,DA40
N51358,n/a,RV12
N1457V,n/a,C172
N7085G,n/a,C172
N68LX,n/a,E300
N20327,n/a,C172
N8409L,n/a,C172
N510ML,n/a,COL4
N79475,n/a,C172
N229H,n/a,S22T
N79072,n/a,C172
N405CV,n/a,C182
N9525P,n/a,C182
N4288Q,n/a,C172
N605MH,n/a,SR22
N974QS,n/a,C68A
N19WL,n/a,P68
N5782J,n/a,C172
N679SP,n/a,RV9
N661Q,n/a,BE95
N4181T,n/a,C320
N51265,n/a,RV12
N1555D,n/a,C195
N318BH,n/a,S22T
N770BK,n/a,PA27
N6919H,n/a,C172
N391L,n/a,DA42
N5191J,n/a,C172
N906L,n/a,DA40
N858L,n/a,DA40
N55284,n/a,P28A
168595,n/a,E2
N1314S,n/a,C337
N746CL,n/a,S22T
N37CL,n/a,S22T
N120TK,n/a,SR20
N352MM,n/a,SR22
10-20325,n/a,H60
N310BW,n/a,SU31
N2537T,n/a,RANG
N101RS,n/a,C208
N414FR,n/a,A20N
170479,n/a,P8
N3864Y,n/a,BE24
N812VL,n/a,B738
N538FG,n/a,GA5C
N908L,n/a,DA40
N3257J,n/a,BCS3
N944NH,n/a,EC45
N245BZ,n/a,BCS3
168684,n/a,V22
N9123P,n/a,P28B
C-FDUW,n/a,BCS3
N5880J,n/a,BE33
N11XM,n/a,BE36
N807XR,n/a,SHIP
N7778G,n/a,S22T
N8851K,n/a,C414
N345D,n/a,BE36
N7206Q,n/a,C172
N366DX,A422F7,A321
N549CA,A6F98E,CRJ9
N742GR,A9FA9E,E170
C-FTTM,n/a,P28S
N920WN,ACC02B,B737
N672AE,A8E32B,E145
N8671D,ABEB57,B738
N364FR,A41BB5,A20N
N982EC,ADB2F9,H25C
N966AT,AD7282,B712
N77536,AA7E7A,B738
N314CG,A355E6,H25B
Jul-77,AE146F,C17
N120HQ,A05470,E75S
C-GUPK,C07B09,BCS3
C-GLQB,C06356,DH8D
N774SK,AA797D,CRJ7
HL7619,71BE19,A388
N760YX,AA43C4,E75L
N8849Q,AC3053,B38M
N397NG,A49DFD,PC12
N77544,AA7E9B,B39M
N761NY,AA4682,S76
N757PC,AA3552,C25B
N520JB,A689B8,A320
N569GD,A748F3,GA5C
N11CP,A02A1A,C56X
N900VP,AC7115,F900
N414TE,A4E4AA,PRM1
N836QS,AB7013,C700
N11191,A03397,E45X
N834UP,AB6906,B350
N808AE,AAFF9A,E135
N513JB,A66D5E,C750
N495JS,A62384,GLF4
N144PL,A0B2DC,PAY4
130614,C2B5AD,C30J
N401LV,A4B166,TBM8
N862GT,ABD6ED,B748
HZ-AK37,71010F,B77W
N335FX,A3A8F5,E545
N412TS,A4DD48,BE40
C-GZQV,C08862,E295
N22PB,A1DFEF,PC24
N304QS,A32F9D,E55P
N578XJ,A76E37,CL30
N620TX,A817FC,C56X
N810MD,AB0A73,E170
C-GJYE,C05EE1,BCS3
N676CA,A8F235,CRJ9
N221JQ,A1E58F,E75S
84-0129,AE0178,LJ35
9H-VIN,4D23F4,GL7T
D-AALG,3C4587,B77L
N2188J,A1DAB3,A21N
N110HQ,A02CF1,E75S
C-GLQC,C06357,DH8D
N851SY,ABACB6,B738
N518DQ,A67F81,A21N
N489FX,A60A9B,GLF4
N783LC,AA9CA8,E170
A6-EQC,896452,B77W
C-GFJQ,C052D7,B38M
N190NV,A1696B,A320
C-GLQR,C06366,DH8D
N490UA,A611DB,A320
N505BD,A64CA0,E55P
G-ZBKF,406F72,B789
N364NW,A41C69,A320
N693CA,A9360E,CRJ9
N657AW,A8A6D0,A320
N24514,A2452A,A21N
N977AT,AD9DB8,B712
N511DN,A6657E,A359
N806AW,AAF83C,A319
N289KR,A2F05B,C680
N460WN,A59B9C,B737
N892AT,AC4CD4,B712
C-GWUQ,C080D9,BCS3
N87513,AC0B80,B738
N718TW,A99B83,B752
N325DU,A38141,BCS3
C-GBIJ,C04826,A319
N161PQ,A0F6B9,CRJ9
N818QS,AB2883,C700
N21144,A1C03A,E45X
N431CK,A52711,LJ35
D-AIKI,3C6569,A333
N7825A,AA9AFC,B737
N803AL,AAED0D,B788
N834JB,AB6800,A320
N485CT,A5FB70,BE40
N181CH,A1449D,C25C
C-GVUN,C07E32,BCS3
N3113J,A34D52,BCS3
D-AIGV,3C64F6,A343
N282PM,A2D6BA,C208
20-21108,AE6A1E,H60
20-46073,AE63B5,B762
N918FD,ACB4E4,B752
15-46069,AE63B1,B762
N4064J,A4C5D8,A21N
N707TW,A9704D,B752
N220JQ,A1E1D8,E75L
N307DU,A339B1,BCS3
N8561Z,ABC035,B738
N501UP,A63F77,C56X
N217UA,A1D546,B772
N977JE,AD9E73,A321
N945JT,AD2095,A321
N35204,A3EEB0,B738
N319MC,A36956,A119
N953AK,AD3FD6,B39M
N520DE,A6893E,A21N
N409FZ,A4CEA5,PC12
N36EZ,A40A6F,FA7X
C-GLQE,C06359,DH8D
LX-VCH,4D0111,B748
N508JL,A6587B,A320
N257TW,A2733D,PC12
B-LXA,789213,A35K
N879BH,AC17E6,B788
N978JB,ADA227,A321
N375DA,A446AA,B738
N103DU,A01037,BCS1
N351AS,A3E895,LJ35
N935AE,ACF841,E145
N688LB,A921EB,C750
N645AE,A877D3,E145
N791DK,AABC11,E170
N543EZ,A6E38D,LJ60
G-VIID,4005BC,B772
N738EV,A9E93B,CRJ7
N8576Z,ABC49B,B738
N218NN,A1D873,E75L
N138LN,A099F0,EC35
N828JB,AB4F5D,A320
C-GASW,C04693,C25B
N393FX,A48E81,E55P
M-ICKY,424C33,G280
N253QS,A26412,CL60
N728QS,A9C2B3,CL35
B-18775,8990EB,B77L
N101JL,A0093E,C55B
N11YQ,A02C0F,EC30
N924AK,ACCD10,B39M
N999YG,ADF63F,CRJ1
C-GFJZ,C052E0,CRJ9
C-GTBM,C076FB,TBM8
N66057,A8B760,B764
JA07WJ,841C48,A35K
N670UA,A8DD7B,B763
N483LF,A5F4BE,EC45
N631FE,A841F5,MD11
C-FACN,C00042,CL60
N611AT,A7F287,C650
N213JQ,A1C57E,E75S
N501GJ,A63E46,CRJ7
N240CX,A23047,GLF6
N114DN,A03B67,A321
N437TW,A53EDD,PC12
C-GFJX,C052DE,FA10
N322MT,A376E3,M600
N211JQ,A1BE10,E75S
N658PC,A8ABBA,PC12
N750BD,AA1A26,E170
N701CK,A95881,B744
N3115J,A34D98,BCS3
N77542,AA7E99,B738
N542FR,A6DFE7,SB20
N359PX,A40797,B738
N954JB,AD444D,A321
N969AK,AD7D9F,B39M
HL8046,71C046,B77L
N508GJ,A65847,CRJ7
N23139,A20F1A,E45X
N744P,AA02AB,A319
C-FYJH,C04052,A319
N560CG,A72723,C56X
N106DN,A01B56,A321
N396CK,A4994F,FA20
C-FRQP,C02E94,E75S
N509QS,A65CCE,C68A
N914TV,ACA744,F900
N777ZL,AA8552,FA50
N123QS,A06046,GL5T
PH-AOA,48440F,A332
N57864,A76F68,B753
N798AN,AAD5CA,B772
N3157J,A35CBA,BCS3
N712TW,A98539,B752
CS-TSI,495269,A21N
N922WN,ACC799,B737
N328CH,A38C42,EC30
G-XWBB,407798,A35K
99-0004,ADFEBA,B752
N75429,AA2BA5,B739
N874QS,AC06A1,C700
N876QS,AC0E0F,C700
B-LJE,780A1D,B748
N856NW,ABBEE3,A332
N215JQ,A1CCEC,E75S
N922QS,ACC707,C68A
N699AE,A94C2A,E145
N130KR,A07C22,EC30
N420DX,A4FC00,A339
N768RD,AA60BB,E170
N14228,A0ACDD,B738
N829NW,AB538B,A333
C-GJXE,C05EC7,BCS3
TC-LJH,4BB148,B77W
N580GJ,A77687,CRJ7
HK-5367,0AC9EE,A20N
N3169J,A360B7,BCS3
N146MM,A0BA19,C525
N858NN,ABC649,B738
N76522,AA56D4,B738
62-4127,AE1254,R135
N860RW,ABD063,E170
N930BW,ACE5D7,TBM9
N208JQ,A1B092,E75S
N521JB,A68D6F,A320
84-0209,AE061F,C130
N547DE,A6F23D,A21N
N859NA,ABC9F4,X59
N452MP,A57AAB,LJ45
N869QS,ABF1B5,C700
06-0500,AE206D,GLF5
N798CC,AAD5F2,E170
N707QS,A96FFE,CL35
169468,AE6BB5,V22
N302LT,A327CC,CL30
D-ABYK,3C4B2B,B748
N431YX,A52911,E75L
G-ZBKI,406F75,B789
N112DN,A033F9,A321
60-0341,AE0363,K35R
HL7628,71BE28,A388
N37554,A44982,B39M
C-GLQV,C0636A,DH8D
N421FX,A4FFE9,E545
C-GOKG,C06AAB,A21N
N3134,A354DA,TBM8
N923AE,ACC954,E145
C-GKQT,C060C4,E295
N108SY,A02413,E75L
C-FDHG,C008A9,A333
C-FSIP,C03068,B38M
N314DU,A3560B,BCS3
N425UP,A51002,B752
N663AR,A8BF6E,E145
N8922Q,AC4F6F,B38M
N157UP,A0E600,A306
N422QS,A5047C,E55P
N120UP,A05582,A306
N7866A,AAA9FB,B737
N76SN,AA40CC,C56X
62-3552,AE0509,K35R
N29129,A2FBF1,B752
N318TD,A36636,B38M
N25LZ,A25637,C25A
D-AUWE,3C0F75,GLEX
N246WA,A2483E,M600
C-FJQZ,C0197E,CRJ9
N700RH,A9560D,G280
N8748Q,AC08B1,B38M
N804TF,AAF268,LJ35
N418MC,A4F2EE,B744
Apr-37,AE1242,C17
N763CC,AA4CE2,E170
N554JB,A70F11,A320
86-0124,AE6BFE,B1
N8303R,AB5B2B,B738
C-FRQW,C02E9B,E75S
N607JB,A7E20A,A320
N997AT,ADECB6,B712
N302PQ,A32814,CRJ9
N7860A,AAA929,B737
N762DT,AA4953,E170
N703PS,A96109,CRJ7
N655RW,A8A0D9,E170
N362FR,A41447,A20N
N384DN,A46A7E,A321
87-0037,AE0582,C5M
N314RC,A35727,CL60
N807QS,AAFD4D,C700
N577FX,A768FD,CL35
N258SP,A276D4,TBM8
N818AG,AB271B,B350
N26960,A2A3AF,B789
N449KC,A56CF0,PC12
N202JQ,A19A48,E75S
N386FX,A47227,E55P
N290NV,A2F6BA,A320
G-XLEG,406B20,A388
N582NN,A77E8F,CRJ9
N742CK,A9FA34,B744
N166AF,A107FE,PC12
N47505,A5D623,B39M
N598NN,A7BC58,CRJ9
N415YX,A4E8EF,E75L
N412MC,A4DCA4,B744
N379DN,A45592,A321
N685AE,A915CF,E145
C-GKQB,C060B2,DH8D
N95GJ,AD32ED,PC12
N9012,AC7581,A319
N841TF,AB853F,LJ35
B-1567,7810A3,B789
N839SK,AB7B63,CRJ9
N683AE,A90E61,E145
N292AF,A2FCEE,PC24
N154CA,A0D93E,PAY1
N7738A,AA779D,B737
N998CX,ADF0A3,C750
N69830,A94B48,B739
N602LR,A7CFB7,CRJ9
JA787A,869210,B77W
N158AF,A0E7ED,PC24
N770UW,AA6ADE,A319
N979JT,ADA5EE,A321
N811AB,AB0D15,B788
N587NW,A7912A,B753
N820CK,AB3117,FA20
N340SR,A3BEEE,LJ40
N701HA,A958F5,B06
N539XJ,A6D3F2,CL30
N713NG,A98865,B429
N302NV,A32800,A319
N629JB,A83876,A320
N514JS,A67124,PC24
N37466,A445F0,B739
N271SB,A2ABC5,C55B
C-GBAS,C0475F,E545
N384JW,A46B03,LJ60
N721VL,A9A929,B737
N968NK,AD7B14,A20N
C-FDMB,C00926,B738
N783TA,AA9D55,R44
N579JB,A770A2,A320
N500MU,A63B16,H500
N366FX,A42329,E55P
N981JT,ADAFB5,A321
96-0006,AE07F0,C17
C-GKFB,C05F94,A321
N3142J,A35854,BCS3
N119TV,A04F5F,AS50
Jun-68,AE1466,C17
N1805U,A143C6,B38M
N959RP,AD579B,LJ70
VQ-BLZ,4249EE,E190
C-GCAM,C049FD,B38M
N13013,A07DC8,B78X
N546PB,A6EF7D,PC12
N551FP,A703AD,C525
N7526P,AA24AF,R22
N831SY,AB5DB8,B738
EZ-A020,601832,B738
N9196X,ACBB5A,L29
N345QS,A3D150,E55P
N751LP,AA1EC8,LJ75
N24224,A23A28,B738
N534DT,A6BFA6,A21N
N664NK,A8C44B,A321
166474,AE1192,C560
N372DN,A43B91,A321
SU-GFY,01025D,B789
G-YMMF,4007F1,B772
N379CA,A4556D,CRJ7
02-1101,AE1173,C17
N668EE,A8D25A,C525
N575GJ,A7619B,CRJ7
N39DJ,A480C4,C25B
N608BC,A7E513,C560
N640RW,A866C7,E170
N69PC,A929A5,PAY3
N8329B,AB635D,B738
N314TB,A35758,C208
167925,AE1BAA,C30J
92-3292,AE07D6,C17
N160XP,A0F3C9,H60
N174CF,A12841,C501
N816NN,AB20DF,B738
N558FX,A71DB6,CL35
N9004F,AC7216,A319
N577AN,A76877,ASTR
N760MQ,AA42AA,E170
N254NN,A26793,E75L
N448GL,A568F6,LJ60
N8758L,AC0C64,B38M
N726TT,A9BB91,B350
N137AA,A09533,A321
N221NN,A1E5F1,E75L
N395AM,A49568,BE20
N79ZE,AAB7F0,C750
N7747C,AA7B33,B737
N641RP,A86A77,H25B
65-10460,ADFF46,T38
N661HD,A8B8A3,R66
N689GD,A92540,GA6C
N900PW,AC7086,AC90
N969SW,AD7F3A,CRJ2
N357TY,A4008E,B38M
N148AN,A0C075,A321
N633NN,A84A1A,CRJ9
N572UW,A757AE,A321
N4DA,A4A83B,LJ75
N202NN,A19AAA,E75L
N926AN,ACD481,B738
N458WN,A591D5,B737
N217NN,A1D4BC,E75L
N931AE,ACE965,E145
N368NB,A42B32,A319
N138HQ,A099A7,E75S
F-GSPG,n/a,B772
N808QS,AB0104,C700
N63899,A85F29,B739
N848UA,AB9F54,A319
N78017,AA9321,B772
C-FXYK,C03F37,B38M
N768US,AA6113,A319
N183GJ,A14C70,CRJ9
N989CG,ADCCCC,LJ31
C-GEJN,C05030,B38M
N829QS,AB53B9,C700
10-08814,AE52C7,H47
N195AA,A17ABF,PAY2
N993NN,ADDF01,B738
C-GASK,C04687,E545
N44501,A55FA2,A21N
N386FR,A47221,A20N
N444TB,A55B24,M600
N912JD,AC9EE5,C510
C-FLKC,C01E13,B38M
N124DU,A062EC,BCS1
N844QS,AB9024,C700
N7947C,AACA31,B25
N897NN,AC608E,B738
N877AS,AC1068,CRJ2
N830SK,AB59F4,CRJ9
N461UA,A59F15,A320
N8839Q,AC2C9C,B38M
N549CP,A6F99B,GLF5
N852NW,ABB007,A332
N212QS,A1C25F,CL60
N858TA,ABC6BA,F16
N643NK,A87196,A320
N326PQ,A385EE,CRJ9
G-ZBJK,n/a,B788
N837SK,AB73F5,CRJ9
C-FCJZ,C0064C,CRJ9
N164NN,A101C3,A321
N435AS,A535C2,B739
N937AK,ACFFB4,B39M
N659FE,A8AEAB,A306
N324UP,A37EFC,B763
N408UP,A4CC29,B752
N832UA,AB618B,A319
N163FE,A0FD55,B763
N77576,AA7F06,B39M
D-AIGZ,3C64FA,A343
N439YX,A546C9,E75L
N832MH,AB60E3,B764
N898DN,AC6364,B739
N316DU,A35D79,BCS3
N480AB,A5E89B,EN48
N115HQ,A03F84,E75S
N58101,A77C11,B752
N316PQ,A35E6F,CRJ9
58-0076,AE04BD,K35R
N369NW,A42EFC,A320
N353AM,A3EFFE,EC30
G-YMMA,4007EC,B772
A6-EDN,8960EF,A388
N221EM,A1E528,E50P
N76505,AA5691,B738
N827SK,AB4C76,CRJ9
N40WV,A4AC50,C25B
G-DHMC,408142,B77L
G-XWBI,407AF3,A35K
C-GWSX,C080AC,B738
N855NW,ABBB2C,A332
N3062J,A33843,BCS3
N513DA,A66CE0,A21N
HB-JHF,4B187F,A333
N2016J,A198ED,A21N
N123HQ,A05F95,E75S
G-VDOT,40771A,A35K
SP-LRF,48AE05,B788
N582CA,A77D89,CRJ9
N310PQ,A34825,CRJ9
N769US,AA64CA,A319
N143AN,A0ADE2,A321
N603JB,A7D32E,A320
N207JQ,A1ACDB,E75S
N67350,A8E9FD,B38M
N27477,A2B8C5,B739
N39463,A494EB,B739
N863RW,ABDB88,E170
N304PQ,A32F82,CRJ9
N926XJ,ACD68A,CRJ9
N832AA,AB5FC9,B789
N320PQ,A36FA4,CRJ9
N692AE,A93229,E145
N348PQ,A3DC5A,CRJ9
N320JE,A36F1D,CL30
HB-JHE,4B187E,A333
N210JQ,A1BA59,E75S
N822AN,AB3856,B789
N126DN,A06A54,A321
N8001N,AAE465,A319
N17583,A12F4C,B39M
N146PQ,A0BA4E,CRJ9
N830QS,AB59C9,C700
G-VIIK,400683,B772
N781CK,AA9479,PAY2
N612JB,A7F6F6,A320
N432DX,A52AED,A339
N998JE,ADF128,A321
N3077J,A33CA9,BCS3
F-HBUZ,398699,A21N
N411DX,A4D838,A339
B-2097,780BB8,B77L
N933JN,ACF1A3,E145
N837MH,AB7376,B764
N1603,A0F46F,B763
N517JB,A67C3A,A320
N229JQ,A20347,E75S
C-GJWS,C05EBB,B738
N594JB,A7AD0D,A320
N321TG,A373B7,B38M
N808NW,AB00D6,A333
TF-ICT,4CC57B,B38M
N829MH,AB5365,B764
N540DE,A6D83C,A21N
N174DZ,A1286C,B763
N415MC,A4E7C9,B744
B-LJA,780231,B748
B-2486,780CB7,B748
TF-ICD,4CC548,B39M
N834DN,AB678E,B739
N501DA,A63DF3,A21N
N860CB,ABCF0B,GALX
N600LR,A7C849,CRJ9
C-GOKF,C06AAA,A21N
N720RC,A9A506,C525
N978AT,ADA16F,B712
N537JT,A6CB48,A320
N334NB,A3A5D9,A319
N197PQ,A18380,CRJ9
N847DN,AB9A32,B739
N221XJ,A1E6CE,CRJ2
N2142J,A1CB05,A21N
N4077J,A4C9F8,A21N
N599JB,A7BFA0,A320
N110AN,A02C40,A321
N247AK,A24A0A,B739
TC-JJT,4BA954,B77W
C-FEKD,C00B98,E75S
N6714Q,A8E262,B752
ZK-NZN,C8273F,B789
N891NN,AC4A44,B738
N595JB,A7B0C4,A320
N827JB,AB4BA6,A320
VP-CIX,4247D1,B38M
N108NN,A023A5,A321
N226JQ,A1F822,E75S
N279PQ,A2C93F,CRJ9
N330PQ,A39723,CRJ9
9V-SWK,76CEEB,B77W
N2043J,A1A3A9,A21N
HL8517,71C517,B789
N379AZ,A45552,B763
N103JL,A010AC,LJ31
N942JB,AD1560,A321
N216JQ,A1D0A3,E75S
CN-RGZ,02013E,B789
SE-DMS,4A91B3,A21N
N984NN,ADBB39,B738
G-VIIL,400684,B772
N988JT,ADC9B6,A321
N7723E,AA733B,B737
N657RW,A8A847,E170
G-VIIV,400773,B772
N113HQ,A03816,E75S
N523DE,A69463,A21N
N922XJ,ACC7AE,CRJ9
N418YX,A4F414,E75L
N171DN,A11D3C,B763
N331PQ,A39ADA,CRJ9
N335SN,A3A9FF,B38M
JA784A,8691AA,B77W
N992JB,ADDADB,A321
EC-MUD,3455D5,A332
N337PQ,A3B124,CRJ9
EI-FNG,4CA614,A333
N982NN,ADB3CB,B738
N134EV,A08A85,CRJ9
A7-BEL,06A2B0,B77W
N928XJ,ACDDF8,CRJ9
N408AS,A4CA6A,B739
N592JB,A7A59F,A320
N633NK,A84A17,A320
N996NN,ADEA26,B738
PH-BKA,485B42,B78X
N134DU,A08A6B,BCS1
N2017J,A19910,A21N
N649JB,A88774,A320
N825MH,AB4489,B764
G-VOWS,n/a,B789
LN-FND,47B121,B789
JY-BAA,740821,B788
TC-JJL,4BA94C,B77W
D-AJFK,3C68CB,A333
N341NB,A3C233,A319
9Y-GRN,0C6063,B38M
C-FSNQ,C030EB,B38M
N7733B,AA76EF,B737
N174DN,A12861,B763
N586JB,A78CFC,A320
N542FX,A6DFED,CL30
N796AN,AACE5C,B772
N526AS,A69F49,B738
EI-HJS,4CADCA,A339
N966NN,AD73A9,B738
N124HQ,A0634C,E75S
N554NN,A70F80,CRJ9
N875NN,AC0A22,B738
ET-AUP,40141,B789
G-VIIF,4005BE,B772
N117AN,A04641,A321
C-FEJP,C00B8A,E75S
N653AE,A897E4,E145
N632JB,A845F4,A320
N127HQ,A06E71,E75L
N3752,A448FC,B738
HB-JHM,4B1886,A333
N954NN,AD44BC,B738
N429DX,A51D6F,A339
N685DA,A91616,B752
N900PC,AC7074,B752
N519DT,A6833B,A21N
N199DN,A189F2,B763
N603NK,A7D39A,A320
N927AN,ACD838,B738
N3152J,A35C0B,BCS3
N754UW,AA2ABC,A319
CS-TSK,49526B,A20N
N637JB,A85887,A320
N112AN,A033AE,A321
N983NN,ADB782,B738
N3765,A44D1C,B738
N4083J,A4CD23,A21N
N4073J,A4C96C,A21N
N726QS,A9BB45,CL35
F-GZNQ,3965B0,B77W
N990JL,ADD376,A321
9Y-BAR,0C6060,B38M
CC-CXJ,E8040C,B763
N830MH,AB5975,B764
N3750D,A448BA,B738
N775AV,AA7BAE,A20N
N424YX,A50CB7,E75L
N730AN,A9CB18,B77W
A6-BLC,896408,B789
N37506,A448D5,B39M
N237BZ,A222B2,BCS3
N710TW,A97DCB,B752
N2180J,A1D99B,A21N
N746YX,AA0B10,E75L
N122HQ,A05BDE,E75S
N17139,A11FC7,B752
N780BA,AA90A0,BLCF
N22MY,A1DFD2,TBM8
D-ABYC,3C4B23,B748
N288AF,A2EBB9,PC12
N434TW,A533B8,PC12
N73259,A9D5A2,B738
N352CK,A3EC77,LJ35
83-0490,AE060D,C130
N804SK,AAF253,CRJ9
N115DU,A03F24,BCS1
N651NK,A891A7,A320
N339DN,A3B796,A321
N510JB,A66239,A320
N142AH,A0AA26,EC45
N654RW,A89D22,E170
ZM407,43C5E1,A400
N37419,A44544,B739
N214JQ,A1C935,E75S
89-9105,AE02C9,B744
N635NN,A85188,CRJ9
N53PM,A6AF65,M600
N920FD,ACBEAB,B752
CS-TSF,495266,A21N
Jun-67,AE1465,C17
HL8308,71C308,A359
ET-ARE,40087,B788
ZK358,43C781,EUFI
TC-LLF,4BB186,B789
N880AC,AC1DD8,MU2
N722EV,A9AB72,CRJ7
N37507,A448D6,B39M
N363NW,A418B2,A320
N555EJ,A7126B,EA50
N51SE,A660AB,GLEX
85-0004,AE0561,C5M
16-20907,AE5D95,H60
D-ABYH,3C4B28,B748
N327BA,A3886B,BE10
N867NN,ABEA11,B738
N235NV,A21C53,A320
C-FYJE,C0404F,A319
N648RW,A8847F,E170
N519AE,A682E3,CRJ7
C-GNJZ,C06800,CRJ9
N428YX,A51B93,E75L
N24508,A2450B,A21N
N907NN,AC8A66,B738
N971EC,AD87C3,EC35
N596QS,A7B520,C68A
N577GJ,A76909,CRJ7
N98KQ,ADA9BB,K100
N18TV,A14010,GLF4
C-GUBF,C07998,A332
N296VR,A30DAF,C56X
N858QS,ABC67F,C700
N444QC,A55ADA,GLF4
N176PQ,A130CB,CRJ9
N93GP,ACE3F4,EN28
Apr-32,AE123D,C17
C-GVGX,C07CD0,AT43
N2184Z,A1DA36,CJ6
C-GOOU,C06B21,DC3T
N420UT,A4FD73,HDJT
N921LL,ACC2E6,EC55
N576SA,A76644,C208
N13124,A081A3,E45X
N851QS,ABAC7E,C700
N750Z,AA1C48,C208
N38446,A46D29,B739
86-0021,AE0572,C5M
N69PF,A929A8,H500
N137HQ,A095F0,E75S
N202JK,A19A43,C650
N569QS,A749C8,C68A
N860TX,ABD096,C750
N255SH,A26BA9,C750
PH-BQH,48436F,B772
N81QD,AB0865,BE4W
N3044J,A3311B,BCS3
N129CZ,A0756B,E120
N252QS,A2605B,CL60
C-FGDX,C0103E,B789
N848SY,AB9F38,B738
N454UA,A582BB,A320
N433YX,A5307F,E75L
84-00146,AE03FA,BE20
C-GLQP,C06364,DH8D
N824SK,AB4151,CRJ9
N485PX,A5FC87,CRJ9
N644AE,A8741C,E145
N857RW,ABC2E5,E170
N751YX,AA1FFC,E75L
N590NN,A79EA0,CRJ9
N357DN,A3FF26,A321
N505FX,A64D16,CL35
N210NV,A1BAC2,A320
N563QS,A7337E,C68A
N236BZ,A21EFB,BCS3
N77581,AA7F24,B39M
C-FDJZ,C008F0,CRJ9
N544PA,A6E80E,LJ35
17-20943,AE601E,H60
N204JQ,A1A1B6,E75S
N963AK,AD6755,B39M
N48GL,A5E6E1,GLF4
N3195J,A36B50,BCS3
N362DN,A41412,A321
N41135,A4DAB6,B752
B-18053,899019,B77W
N899CZ,AC670D,BE99
TC-NCM,4BB86D,A20N
TC-JRC,4BAA43,A321
SP-LMH,48AD87,E190
TC-NCV,4BB876,A20N
TC-JJM,4BA94D,B77W
TC-LTI,4BB289,A21N
TC-JFH,4BA8C8,B738
TC-LJT,4BB154,B77L
9H-MSA,4D2397,A320
TC-JVI,4BAAC9,B738
TC-JHU,4BA915,B738
TC-JVT,4BAAD4,B738
TC-JRP,4BAA50,A321
TC-JYM,4BAB2D,B739
EC-MGZ,34469A,A321
RA-73713,151FF1,A321
TC-TIM,4BD12D,H25B
HZ-FAP,717CDB,A20N
TC-LYB,4BB322,B39M
TC-JHV,4BA916,B738
UK78703,507C50,B788
TC-GRJ,4B9E4A,B38M
TC-LSJ,4BB26A,A21N
TC-JDP,4BA890,A332
TC-JVM,4BAACD,B738
TC-JYL,4BAB2C,B739
TC-LCD,4BB064,B38M
TC-LKE,4BB165,B77W
TC-LCU,4BB075,B38M
TC-RDD,4BC884,A21N
TC-NCI,4BB869,A20N
TC-JNN,4BA9CE,A333
TC-LNF,4BB1C6,A333
TC-LTB,4BB282,A21N
JA806A,86CF16,B788
TC-JPL,4BAA0C,A320
TC-JVO,4BAACF,B738
RA-73815,152057,A319
TC-JLT,4BA994,A319
TC-CRG,4B8E47,B738
TC-RBM,4BC84D,A21N
TC-JYP,4BAB30,B739
HZ-ASAE,717CA1,A21N
TC-RBZ,4BC85A,A21N
TC-LNE,4BB1C5,A333
TC-LTO,4BB28F,A21N
TC-JNO,4BA9CF,A333
TC-JPI,4BAA09,A320
G-EUYT,406A3D,A320
4X-EKJ,73806E,B738
TC-LCC,4BB063,B38M
TC-JPN,4BAA0E,A320
TC-LOC,4BB1E3,A333
A6-AOX,896504,A320
A6-ENC,896305,B77W
A6-FEV,8963B8,B738
TC-VEL,4BD8AC,A310
B-1049,781336,A333
A6-FGG,89648C,B738
LZ-CJA,452149,B744
A6-EEP,89618F,A388
TC-LCB,4BB062,B38M
TC-JRB,4BAA42,A321
TC-JST,4BAA74,A321
A6-FGB,896469,B738
TC-LYD,4BB324,B39M
TC-JVE,4BAAC5,B738
18-0093,4B8213,A400
A6-AOT,8964DA,A320
A6-ANL,89634A,A320
YR-ATM,4A068D,AT76
TC-RFE,4BC8C5,A21N
A7-BAJ,06A077,B77W
TC-JJR,4BA952,B77W
HZ-FAW,717CD3,A20N
A6-FGD,89646B,B738
RA-89121,155C21,SU95
TC-LSU,4BB275,A21N
TC-JLY,4BA999,A319
A6-FMN,896556,B38M
A6-EEO,89618E,A388
AP-BOO,7609EF,A320
VT-GHA,800B99,B738
A6-ENA,896303,B77W
A7-ANN,06A12A,A35K
A6-EGY,89621A,B77W
VT-TQD,80141D,A20N
A6-EIP,89633A,A320
VT-ANQ,800737,B788
A6-AOP,896496,A320
PK-GHD,8A05AE,A333
TC-LSS,4BB273,A21N
N498MC,A62EE6,B744
VT-SXA,800DA3,B738
A6-FET,8963B6,B738
A6-EPL,8963DB,B77W
VT-TNU,8013A3,A20N
A6-EXG,896624,A359
A7-BCS,06A0B7,B788
A6-BND,89653B,B789
VT-CIH,800C4A,A20N
A6-FKO,896605,B38M
B-8361,781147,A333
4X-AGK,738444,A21N
EP-FSV,731A76,B733
VT-RTH,801626,A20N
A6-FER,8963B4,B738
A6-EGF,89617E,B77W
A6-FMT,89656A,B38M
VT-JRE,801600,A359
T7-ME8,500213,A21N
N708GT,A972EE,B77L
9K-AKT,70606F,A20N
A7-BFB,06A080,COL4
A6-FKH,8965D3,B38M
A6-FPB,8965C1,B38M
A6-ANO,896366,A320
9H-WAT,4D2428,A21N
VT-IST,801432,A20N
A6-FNB,896515,B39M
V8-DLA,895053,B788
A6-FMR,89656C,B38M
ZK-TLL,C82337,B734
A6-EQL,8964A4,B77W
VT-YAP,80154A,B38M
PH-BKM,486072,B78X
RP-C8771,75833B,A333
A6-ATC,896559,A21N
PH-CKA,4841C3,B744
S2-AJT,702087,B788
A6-FEX,8963BA,B738
PP-SCC,E4891E,B350
PR-FGT,E49321,A169
PR-GTC,E47F4F,B738
PT-TPB,E49908,A319
A9C-AB,894059,A320
A6-BMJ,89656F,B78X
A6-FML,896533,B38M
PS-AXM,E499F3,H160
9K-AOL,70605E,B77W
PT-TMB,E48519,A319
2273,896C07,DHC6
PS-BDC,E49C27,B429
D-ABVX,3C4AD8,B744
PR-YRZ,E494B4,A20N
9V-SCQ,76CC71,B78X
PS-GPI,E4988F,B38M
PS-GUA,E4984A,TBM8
A6-EEG,896186,A388
VH-OFY,7C47AC,A21N
PT-MXF,E485B0,A321
PR-XMZ,E49A59,B38M
EC-NGM,346384,B789
9V-SHW,76CD17,A359
VH-XF4,7C7542,A321
PR-MYH,E486C1,A320
PR-GXQ,E48F03,B738
PP-FFA,E48C7C,A109
PS-GRG,E49EEB,B38M
PR-MYX,E48CE7,A320
PR-XMG,E494BC,B38M
PT-SVB,E484F5,A109
PS-CNA,E49829,C208
PR-AUF,E490B1,E195
PR-GUL,E48988,B738
PR-MBW,E4827C,A319
EC-NRG,34718D,A332
PS-GPR,E49CAA,B38M
PR-GEH,E4919E,B737
PS-MSG,E4963C,PAY4
PS-CNI,E49B46,C208
PS-KLT,E49E2E,P46T
PS-AEU,E49F44,E295
PR-MBV,E48199,A319
5X-NIL,06809B,A338
YA-KME,700011,A343
A6-ENR,896314,B77W
A4O-SJ,70C122,B789
A6-EUJ,896474,A388
A6-FKG,8965D2,B38M
A6-EOC,89639C,A388
A6-EON,8963EB,A388
A6-EOB,89639B,A388
G-STBB,40621C,B77W
A7-APJ,06A14B,A388
ET-AZI,40219,A359
A7-BAN,06A07B,B77W
A6-EDV,8960F7,A388
A6-EDU,8960F6,A388
A7-BTB,06A391,B77L
A6-AOU,n/a,A320
YK-BAA,778821,A320
ER-BAT,n/a,B742
A6-EOA,89639A,A388
A6-AQH,896668,A320
16-20883,AE5D7D,H60
A6-EPQ,n/a,B77W
A6-EBM,8960D4,B77W
DU-122,8967DA,B407
A6-EOH,n/a,A388
A6-EGT,896215,B77W
A6-EUY,896483,A388
A6-EBU,8960DC,B77W
VT-ATH,801435,A20N
A7-BCH,06A0AC,B788
C-GKQQ,C060C1,E295
17-20940,AE601B,H60
A7-APG,06A148,A388
YK-BAB,778822,A320
VP-CYP,4245CD,GL7T
A6-EEC,896182,A388
A6-EVK,n/a,A388
A4O-BAE,70C0E1,B738
A6-EGJ,89620B,B77W
A6-ENK,89630D,B77W
11-20393,AE51C0,H60
N358DN,A402DD,A321
N916XJ,ACAF0B,CRJ9
C-GPJJ,C06D38,CL35
12-08865,AE530E,H47
A7-ALX,06A10C,A359
SU-NMR,01025A,A320
N292MH,A2FE03,S92
166077,AE1ED2,TEX2
N106DD,A01B4D,BE9L
TC-RBS,4BC853,A21N
N322RC,A37738,E75L
EW-383TH,510081,IL76
A6-FMD,8964D3,B38M
N83DS,AB565D,SF50
TC-JYH,4BAB28,B739
SE-RTJ,4ACA8A,B38M
TC-RBY,4BC859,A21N
TC-JRJ,4BAA4A,A321
N813DG,AB14D3,A139
XA-ACT,0D0703,E190
C-FMXA,C02207,B38M
C-FWSV,C03C02,B737
N685AS,A915DB,E50P
N504QS,A64A3B,C68A
N316EW,A35D94,PC12
N146PH,A0BA47,A139
N17159,A1200D,E45X
N425DT,A50E8F,AC90
SP-LMC,48AD82,E190
N283NN,A2DA59,E75L
N72RA,A9A2AB,E110
58-0063,AE035D,K35R
ZK-MVB,C8200A,AT76
N925AE,ACD0C2,E145
N584AS,A784D5,B738
N700LH,A95590,C750
N820DX,AB313C,B752
N150SY,A0CBD6,E75L
EI-IJS,4CAE67,B38M
C-GGMN,C055C6,DH8D
N196SY,A1801C,E75L
EI-IJD,4CAE54,B38M
6521,AE266F,AS65
MM62304,33FD94,P180
170184,AE73E3,A119
N301ML,A32427,H25B
1-Jan,AE178F,F15
N614AX,A7FDB0,MRF1
D-ENPR,3D2893,P28A
N658AE,A8AA77,E145
N657QX,A8A82F,E75L
N943JS,AD1926,C680
EI-IHV,4CAE48,B38M
9H-WBA,4D242F,A20N
N653QX,A89953,E75L
N593QS,A7A9FB,C68A
9H-VUN,4D234D,B38M
16-5835,AE5DF8,C30J
C-FEJB,C00B7C,E75S
F-GXLG,395D66,A337
2310,AE2708,CN35
170179,AE73DE,A119
N751JS,AA1E99,C25B
N87NW,ABF53E,BE10
N789QS,AAB364,CL35
N456N,A58992,DHC2
N596AS,A7B3C2,B738
170156,AE6D4E,A119
170214,AE7401,A119
N984TG,ADBBB0,A119
OO-TCH,44D068,A320
170188,AE73E7,A119
170228,AE740F,A119
79-0001,AE11E7,E3TF
13-5785,AE596E,C30J
Nov-48,AE4E14,C30J
N949QS,AD3006,C68A
D-AIGO,3C64EF,A343
N242SD,A23901,C25M
D-ATCA,3C0AC5,A321
170163,AE6D55,A119
170166,AE6D58,A119
62-4130,AE01D1,R135
Jul-37,AE1BF0,C30J
N110SY,A02DDA,E75L
170139,AE6D3D,A119
170235,AE7416,A119
10-0218,AE4F12,C17
N332FX,A39DD0,E545
N604CZ,A7D665,E75S
C-FFEL,C00DA8,B38M
N548AS,A6F5B5,B738
N850EL,ABA7C7,TBM7
N947AT,AD273B,B712
170161,AE6D53,A119
170194,AE73ED,A119
170152,AE6D4A,A119
Dec-61,AE54CE,C30J
6596,AE26B6,AS65
N560QS,A72859,C68A
N102DU,A00C80,BCS1
170223,AE740A,A119
N575SM,A76298,SF50
N224AK,A1EFE7,B739
170196,AE73EF,A119
69-6626,AE6231,UH1
N600WY,A7C94A,PC12
170157,AE6D4F,A119
N66GE,A8B27B,SBR1
99-0166,AE080C,C17
15-5826,AE5C99,C30J
VH-EWY,7C1770,SW4
VH-SUY,7C5E08,C25A
VH-VGT,7C6B3B,A320
VH-VXC,7C6D8E,B738
VH-YIW,7C7AB6,B738
PK-GPV,8A047A,A333
VH-VNA,7C6C24,SF34
VH-VUX,7C6D37,B738
VH-VQK,7C6C9A,A320
VH-MQK,7C3F0A,B350
VH-VFY,7C6B1C,A320
VH-YWE,7C7C9C,B738
VH-VWQ,7C6D78,A321
VH-OFV,7C47A9,A21N
VH-QPD,7C531F,A333
VH-VIF,7C6B75,PC24
VH-VXI,7C6D94,B738
VN-A898,888167,A359
VH-YXS,7C7CCE,A320
VH-8IG,7CAD46,B38M
VH-ZLQ,7C802C,SF34
OH-LTS,461F0C,A333
B-30AL,7817B7,A359
VH-SRF,7C5D89,BK17
VH-VFJ,7C6B0D,A320
A54-049,7CFA08,PC21
VH-XZF,7C77F9,B738
VH-QPH,7C5323,A333
VH-VAH,7C6A57,B350
VH-JKM,7C2F04,G2CA
VH-TQX,7C6287,DH8B
VH-LQQ,7C3A00,DH8D
VH-ZRY,7C810C,SF34
VH-NBV,7C4209,B737
VH-VZV,7C6DE9,B738
VH-YQH,7C7BC7,B738
VH-QOX,7C530F,DH8D
VH-QOW,7C530E,DH8D
VH-NAO,7C41DE,B350
VH-OTE,7C4990,JS32
B-306N,781610,A359
VH-QOR,7C5309,DH8D
VH-VGA,7C6B28,A320
B-5978,780DFC,A333
VH-VGP,7C6B37,A320
9M-MNH,750579,A339
VH-VZW,7C6DEA,B738
VH-VXF,7C6D91,B738
VH-VQC,7C6C92,A320
VH-8IC,7CAD42,B38M
VH-VYG,7C6DB6,B738
VH-VOK,7C6C52,B738
VH-YXW,7C7CD2,A320
N208WN,A1B1BC,B737
N8542Z,ABB8EA,B738
N229WN,A20471,B737
N134JV,A08AE9,T34P
VH-ZJS,7C7FE6,SF34
N508AY,A657BF,A321
N3MF,A31BB9,BE9T
N573DZ,A759F1,A359
N170PQ,A11A81,CRJ9
N768SK,AA60DA,CRJ7
N191NV,A16D22,A320
N842US,AB891A,MD88
N312NV,A34F7F,A319
N784QS,AAA0D1,CL35
N303QS,A32BE6,E55P
N574UP,A75F15,B744
N247NV,A24B40,A320
N609UP,A7EA7E,B748
N409FX,A4CEA3,E545
N744JS,AA023F,C25B
N291SY,A2FAD8,E75L
N287SY,A2E9A3,E75L
N658CA,A8AAA5,CRJ7
N275SY,A2BAB6,E75L
N559BM,A720FF,C560
N159FM,A0EC27,H25B
C-FBXL,C00506,C56X
ZK-NEB,C818DA,DH8C
61-0020,AE58A9,B52
N827AW,AB4AF1,A319
ZK-NEK,C819DD,DH8C
ZK-MJN,C80B79,T6
ZK-MVM,C82379,AT76
NZ3612,C87F2D,H2
B-7367,780F3F,B77W
SE-RPG,4ACA07,B738
N841AN,AB839D,B789
ZK-OXM,C8234A,A320
G-SUNF,407EEB,A21N
00-3572,AE0899,TEX2
65-10366,AE000E,T38
SP-SPF,48C5E5,AT75
SP-LNE,48ADA4,E195
OE-LBW,44065B,A320
9H-EWD,4D2416,A320
DQ-FAF,C88099,B38M
LY-DAT,503C92,AT45
15-08172,AE59D7,H47
N216WE,A1D1C5,R722
N586FD,A78CB3,C25A
01-0192,AE10BB,C295
N919HP,ACB8D7,BE30
N78WD,AA9025,MU2
ZK-RXD,C8276A,C680
N43DS,A52121,C650
93-26479,AE0C36,H60
ZK-MVR,C82726,AT76
B-5903,n/a,A332
VH-VFK,7C6B0E,A320
ZK-NEH,C8195C,DH8C
ZK-CIT,C82A8F,SF34
N834AA,AB6737,B789
HL8082,71C082,B789
ZK-NFA,C81BB3,DH8C
VT-AEP,80159F,B77W
ZK-MZD,C82871,AT76
ZK-OXJ,C82268,A320
ZK-OKO,C81D82,B77W
ZK-KRA,C822C6,SF34
ZK-NEJ,C819DC,DH8C
ZK-NHC,C827B1,A20N
ZK-HCX,C82760,BK17
N185GJ,A153DE,CRJ9
ZK-OKP,C81E05,B77W
N607LR,A7E24A,CRJ9
ZK-OXG,C821C1,A320
ZK-SDF,C81C31,P750
B-3269,7811B7,GLF6
N749YX,AA1635,E75L
ZK-OKN,C81D80,B77W
ZK-SDC,C82513,C208
ZK-NZF,C820D2,B789
14-Mar,AE1197,C17
C-GWJK,C07FB5,DH8D
C-FUWS,C0371F,B737
C-FTMN,C03372,AT72
C-FTMY,C0337D,AT72
C-GWEQ,C07F39,DH8D
C-FKWE,C01CA9,DH8D
C-GLQX,C0636C,DH8D
C-GNVC,C06921,CRJ2
C-FOEN,C0256E,DH8D
C-FWSI,C03BF5,B737
C-GDEN,C04D0A,DH8D
N932WN,ACEF18,B737
N8772M,AC1301,B38M
N9021H,AC791D,A319
HL8361,71C361,A359
N286NN,A2E57E,E75L
G-XLEI,406B22,A388
N534GJ,A6BFE8,CRJ7
N207AN,A1AC11,E75L
N820AL,AB30E6,B789
N319DN,A36898,A321
85-0010,AE0567,C5M
N755SK,AA2E36,CRJ7
G-VPRD,407699,A35K
HZ-AK40,710112,B77W
PH-AKA,484F71,A333
C-GFVN,C0540C,B38M
N70GA,A952CC,BE18
N87745,AC1359,DC3
N584NN,A785FD,CRJ9
N114DU,A03B6D,BCS1
N411YX,A4DA13,E75S
C-GOIF,C06A76,A21N
N225QS,A1F503,CL60
N313DU,A35254,BCS3
N166HJ,A108B0,HDJT
N847SY,AB9B81,B738
N331DN,A399DE,A321
N68823,A923A9,B739
N3162J,A35FC2,BCS3
N233KQ,A21495,K100
HB-JOP,4B193F,A320
N329DD,A3900E,E75L
N604NN,A7D754,CRJ9
C-GMJJ,C0654C,DH8A
G-GATN,406B80,A320
EC-MUG,345688,CRJX
N478QS,A5E041,E55P
9H-WDR,4D24AF,A21N
YL-CSM,502CE7,BCS3
N565PC,A73AC5,SF50
D-AIUV,3C66B6,A320
HB-AZE,4B028E,E290
HB-JXU,4B1A2E,A320
D-AINI,3C65C9,A20N
SP-RSL,48C22B,B738
C6-BFS,0A8054,AT46
D-AIHZ,3C651A,A346
HA-KAT,471A7B,AT72
EI-EVV,4CAA5A,B738
G-SUNO,4080DF,A21N
N750NA,AA1B36,C750
D-ANRH,3C7A48,A339
N671BC,A8DF8B,SF34
EI-HET,4CAD29,B38M
F-GSQS,394A12,B77W
EI-EKT,4CA813,B738
N7888A,AAB1AF,B737
G-LCYV,406D4E,E190
9H-LMJ,4D22B3,A320
XB-NMS,0D0BD4,SW3
N12218,A05DBC,B738
N471FX,A5C564,LJ75
86-0017,AE056E,C5M
N534XJ,A6C15F,CL30
N262NN,A287A4,E75L
N513PS,A66DEA,PC24
N937CK,ACFFE6,C208
N896SK,AC5D38,CRJ9
N589NN,A79890,CRJ9
N252NN,A26025,E75L
N278NN,A2C56D,E75L
N917AN,ACB0B9,B738
N650RA,A88E32,C650
9M-MXJ,75020A,B738
9V-SME,76CDA5,A359
9V-SMK,76CDAB,A359
B-7378,78110A,B738
PK-LZO,8A080E,B738
9M-AJP,7503C8,A320
HS-PGY,8840F9,A319
9V-SHR,76CD12,A359
9M-LCZ,7503D6,B738
N277AK,A2C087,B739
9V-SFN,76CCCE,B744
58-0021,AE058E,K35R
N17265,A123E3,B38M
87-0043,AE0588,C5M
N306PQ,A336F0,CRJ9
9M-AGP,75045A,A320
SP-LRD,48AE03,B788
2013,E489BA,C30J
2015,E48B11,C30J
D-AIGL,3C64EC,A343
B-222Z,781ED3,B77L
N102NN,A00D5B,A321
N200QS,A19372,CL60
N821JB,AB355C,A320
N133EV,A086CE,CRJ9
N308DN,A33D62,A321
N107NN,A01FEE,A321
N401YX,A4B294,E75L
N746JB,AA099E,A320
A7-AMF,06A0E5,A359
N844MC,AB8FCB,B789
N820NN,AB3214,B738
N186PQ,A1584A,CRJ9
N829SK,AB53E4,CRJ9
N904XJ,AC801E,CRJ9
N935JB,ACF906,A321
N66808,A8D46A,B739
9V-TRV,76D256,A320
N747BC,AA0CA7,BLCF
N348AX,A3DB1C,HUNT
9M-FYI,75004B,AT75
B-16723,n/a,B77W
G-EIDY,407BE6,A333
N105DX,A017A8,A321
N3203J,A3711A,BCS3
9V-SCT,76CC74,B78X
N929XJ,ACE1AF,CRJ9
N776AN,AA7F5E,B772
166714,AE1439,C560
N351DN,A3E8DC,A321
167877,AE4F28,H60
2313,AE4BE8,CN35
N340AX,A3BD64,HUNT
N840NN,AB8112,B738
N3748Y,A4462E,B738
N844MH,AB8FD0,B764
N924XJ,ACCF1C,CRJ9
N524DE,A6981A,A21N
N234JQ,A21833,E75S
9V-SCD,76CC64,B78X
169437,AE6B96,V22
N717KV,A99703,H25B
B-223N,781F4C,B77L
N3738B,A44262,B738
N244JQ,A23FB2,E75S
N521DT,A68D02,A21N
EI-LRG,4CABD3,A21N
6052,E40088,H60
N335PQ,A3A9B6,CRJ9
N872DN,ABFE1C,B739
EI-HJP,4CADC8,A339
N128DN,A071C2,A321
N379DA,A45586,B738
N948JB,AD2BAA,A321
N291BT,A2F95C,B39M
N694NK,A93AC8,A320
N901XJ,AC74F9,CRJ9
N1201P,A0563B,B763
N855RW,ABBB77,E170
N505DZ,A64CE6,A21N
9V-SGE,76CCE5,A359
9V-SKR,76CD72,A388
PK-GNH,8A0449,B738
9V-TRS,76D253,A320
PK-SJM,8A096F,A320
B-7185,780F16,B77W
N178DZ,A13748,B763
N189DN,A16273,B763
B-2482,780D2A,B748
N77572,AA7F02,B39M
VN-A899,888168,A359
B-32FX,781FFF,A20N
PK-LZM,8A080D,B738
B-1179,7814BB,B38M
N655JB,A8A017,A320
N314PQ,A35701,CRJ9
PK-GLV,8A03B0,A320
PK-GNM,8A044E,B738
9M-LRH,750422,B38M
N761YX,AA477B,E75L
N775JB,AA7C64,A320
N3758Y,A449E5,B738
PK-SNN,8A0984,C208
VN-A601,8880AC,A321
A-2909,8A2909,S108
9M-AQF,75027E,A320
9M-AGM,750457,A320
9M-MXR,75021C,B738
PK-LUS,8A0637,A320
9V-SMC,76CDA3,A359
B-1479,7811AC,B738
4K-BCI,600B23,B744
9V-SCC,76CC63,B78X
B-1321,781236,B738
B-6483,n/a,B738
9V-SWM,76CEED,B77W
B-1683,n/a,A320
HL8318,71C318,B738
PH-BVF,484CBA,B77W
9V-SWY,76CEF9,B77W
B-30D0,78185C,A20N
N-234,48104A,NH90
YV2945,0D81E7,MD82
YV1240,0D812A,MD81
YV2923,0D81B3,MD82
N288DP,A2EC0C,B736
N345AV,A3CFF5,A320
PK-MBA,8A091D,B733
168385,AE49E9,F18S
EC-NZF,347488,A359
A5-JSW,680008,A319
PJ-AIR,4840B5,BN2P
YV657T,0D848D,B734
YV2964,0D81C7,E190
N304AG,A32E35,SF34
P4-NAC,4844AC,A139
CC-BFT,E80277,A320
N125SY,A067EC,E75L
Jun-63,AE1461,C17
N257SJ,A27318,LJ55
N825QS,AB44DD,C700
N148SY,A0C20F,E75L
D-ABHG,3C4907,A320
HA-LVK,471F38,A21N
OE-LWL,440828,E195
9H-WNL,4D200C,A21N
EI-DPV,4CA4F8,B738
N944JT,AD1CDE,A321
N801QS,AAE703,C700
N677UP,A8F789,BE40
N12125,A05A25,B752
N37522,A44917,B39M
166767,AE1479,C560
N515DE,A67452,A21N
15-08184,AE59E5,H47
N665BC,A8C6E8,E145
N614UP,A7FF6A,B748
N4080J,A4CCBA,A21N
20-21187,AE6C72,H60
20-21162,AE6A90,H60
16-20841,AE5D52,H60
N741YX,A9F87D,E75L
N747YX,AA0EC7,E75L
N922AT,ACC5AA,B712
N448WN,A56A56,B737
N14FJ,A0A0DD,C441
N194NV,A17847,A320
N305SA,A33376,BE30
N3055Y,A33503,R44
8-Sep,AE49C4,C17
10-27025,AE4CF9,C27J
N914UY,ACA760,A321
C-GZQB,C0884E,E295
N267AW,A29913,R44
N564NN,A736FF,CRJ9
N7879A,AAAE1B,B737
N560WG,A728E5,C56X
N687SB,A91ECA,B350
N650WT,A88EC0,C650
N239JQ,A22AC6,E75S
N407AR,A4C6B2,B407
N68FP,A90169,H25B
85-0007,AE0564,C5M
Apr-33,AE123E,C17
N908AE,AC8CE9,E145
N648FR,A88380,A21N
Jul-89,AE20CA,C17
168106,AE4FBA,H60
2008,AE57D2,TEX2
N906XJ,AC878C,CRJ9
N408YX,A4CC95,E75S
N656QS,A8A473,C56X
N634NK,A84DCE,A320
N551JL,A703F5,BE20
N802VT,AAEB38,BE20
N17315,A126EB,B38M
N78PK,AA8F7C,MU2
N141SH,A0A7FF,CRJ2
N859DN,ABC91F,B739
N462SJ,A5A2A2,BE4W
N203BZ,A19D59,BCS3
N973JT,AD8FA4,A321
169326,AE5C58,P8
N693QS,A9374A,C56X
N127AA,A06DB4,A321
N641NK,A86A28,A320
N150RS,A0CBB7,BE40
N539DN,A6D234,A21N
162159,AE0452,C2
N410AN,A4D42D,A21N
N334TC,A3A657,M600
N254PC,A267A2,BE30
N375FX,A446F1,E55P
N970NK,AD84DB,A20N
15-46068,AE5FAF,B762
N309PQ,A34215,CRJ9
N336NB,A3AD47,A319
N354FR,A3F436,A20N
20-5980,AE7798,C30J
N849NN,ABA281,B738
N902BC,AC76B6,E145
N39EG,A480DB,C510
G-VIIR,4006C3,B772
N35LJ,A3E377,LJ35
May-45,AE1445,C30J
N545DE,A6EACF,A21N
N339AX,A3B754,HUNT
N960NK,AD5D5C,A20N
N3023J,A3298A,BCS3
N8813Q,AC245C,B38M
N998NJ,ADF190,LJ40
N37252,A43E5B,B738
C-GOWG,C06BE3,B738
N284SY,A2DE7E,E75L
N965AT,AD6ECB,B712
C-GKQJ,C060BA,E295
N932JX,ACEDF5,E145
N2G,A18DE7,GALX
N766US,AA59A5,A319
130340,C2AF95,C130
N8623F,ABD90C,B738
N1980H,n/a,P28S
N956WM,AD4CF1,PC24
N488AM,A6065D,H25B
N178SG,A1387C,PAY2
N749US,AA15CC,A319
163591,AE03CC,C130
C-FGYD,C0124C,A4
162517,n/a,H53S
N311HJ,A34B40,HDJT
N917JX,ACB18A,E145
N7890V,n/a,M20P
N216BZ,A1CFFD,BCS3
N656AE,A8A309,E145
C-GUBO,C079A1,A333
N771YX,AA6EFA,E75L
N39K,A48151,E50P
N2296F,n/a,C310
N3189J,A36825,BCS3
162478,n/a,H53
2709,AE4AE1,C27J
C-GNTA,C068EB,AJET
N734CK,A9DA23,B734
170478,AE749D,P8
N78SV,n/a,BE9L
N800MA,AAE2F1,H25B
N6919W,n/a,P28A
N963NN,AD6884,B738
2311,AE2709,CN35
N990FG,n/a,P28A
N976NN,AD9B28,B738
N708KA,A97328,DH3T
N212WN,A1C2F1,B737
N222SH,A1EA07,EC30
C-FGYS,C0125B,A4
C-GZEH,C0871C,AJET
C-GUTA,C07B67,AJET
N305PV,n/a,EVOT
N315UA,A35B27,B38M
C-GQTA,C070D7,AJET
N68525,n/a,CH7A
N344TS,A3CDE4,B38M
N802WA,AAEB40,MD83
N430DW,A5237E,B430
C-GGMQ,C055C9,DH8D
C-FHNF,C013D4,B737
N506JB,A65104,A320
N338RS,A3B50F,B38M
N84209,n/a,LA25
N30LJ,n/a,LJ31
C-GFSV,C053C6,B190
N786ZA,AAA910,BE9L
N356TX,A3FCD6,B38M
N411KF,n/a,EXPR
C-FFNF,C00E8C,B734
N840EE,n/a,AC90
N67496,A8EE46,VALI
N714US,A98CBC,A319
N344NB,A3CD58,A319
N74BM,n/a,AEST
N515VL,A675E8,A320
HP-9804CMP,n/a,B38M
N573UW,A75B65,A321
N249BZ,n/a,BCS3
N360QS,A40DBB,E55P
N318FX,n/a,E545
N644AS,A87428,B737
N183VB,n/a,BE36
N702FE,A95C7E,AT76
N3818C,A46274,BE9L
N730FK,A9CB92,AS50
N559FR,A72167,SB20
N47RL,n/a,C421
N65407,n/a,C152
N215ST,n/a,PA32
N100BZ,A004E5,BE30
N440YX,A54CD9,E75L
N476RW,A5D8F0,SH36
N124QS,A063FD,GL5T
N40CU,A4AA8D,H47
164597,AE03D4,C130
JA309J,850E9C,B738
JA984A,87453A,B78X
LN-RKT,47880D,A333
N702PS,A95D52,CRJ7
N520PD,A68A37,MD52
N71DT,n/a,CC11
N405YK,A4C164,B734
JA84AN,86DDF0,B738
JA220A,84BAC2,A20N
JA35CA,8520C0,D228
N211BZ,A1BD6A,BCS3
N264NN,A28F12,E75L
N512SY,A66A84,E75L
N33284,A3A0CA,B738
N215HA,A1CCC5,A21N
JA305J,n/a,B738
JA612J,861E9A,B763
JA08AN,n/a,B737
RP-C3281,7585ED,A20N
N546JB,n/a,SLG2
JA00CN,n/a,DIMO
JA615A,861EF8,B763
09-08065,AE5288,H47
N80921,n/a,C172
N383DZ,A466D2,A321
JA211A,84B750,A20N
HL7210,71BA10,A321
N409MC,A4CF26,B744
N618UX,A80E4E,E75L
N414FX,A4E38F,E545
N986AN,ADC17B,A321
N458CT,n/a,BT36
JA737Y,868042,B738
JA328J,8515A2,B738
JA861J,86E3EC,B789
N218SL,A1D8D5,B190
N863QS,ABDB6B,C700
N629NN,A838E5,CRJ9
N928AE,ACDBE7,E145
N2105X,n/a,C172
N744DB,AA01B3,E170
N720JS,n/a,C25B
N992AT,ADDA23,B712
N413DX,A4DFA6,A339
N944DZ,AD1C67,B739
N906AE,AC857B,E145
N806J,AAF8EF,P180
N514JD,A67117,EC20
N808FU,AB0025,MT
N982VJ,ADB476,A321
N779AN,AA8A83,B772
JA990A,n/a,B78X
JA613A,861EB4,B763
N334TA,n/a,ASTO
G-VLUV,40641D,A333
JA873J,86E7C4,B789
JA05JJ,841400,A320
JA610A,861E4E,B763
B-16226,899072,A321
JA849J,86DDD4,B788
N37318,A4418C,B38M
JA811A,86D200,B788
JA937A,8733BC,B789
JA07JJ,841B28,A320
JA65AN,862DF4,B738
B-17808,89909C,B78X
JA241J,84C214,E190
JA57AN,85DB54,B738
63-7993,AE037A,K35R
HL8577,n/a,B78X
JA73NY,8681BE,B738
N811LW,n/a,F8L
N853QS,ABB3EC,C700
JA338J,851936,B738
JA316J,8511CA,B738
JA216A,84B7FA,A20N
JA33CA,851998,D228
62-3531,AE038A,K35R
JA2747,n/a,GLIM
JA323J,8514F8,B738
JA608A,861BCA,B763
JA73NF,8681AD,B738
JA73AC,86808A,B738
JA821A,86D594,B788
JA03LX,n/a,R44
JA112A,845DAA,A321
JA819A,86D310,B788
JA146A,8468EE,A21N
JA28MC,84D28E,A20N
B-6096,n/a,A333
D-ABYS,3C4B33,B748
JA614J,861EDE,B763
78-1206,87CC37,A320
N799TR,n/a,SLG2
JA89AN,86EFD4,B738
JA03JJ,840CD8,A320
JA307J,n/a,B738
JA983A,874518,B78X
JA37CA,n/a,D228
JA133A,8464F4,A21N
JA605A,861B64,B763
JA01AUU,n/a,GLIM
JA88DR,86EC8B,B505
JA26MC,84CB66,A320
HL8743,n/a,A320
N665AW,A8C6E1,A320
N696BS,A9412A,CLON
N832AW,AB5FDD,A319
N80298,n/a,C172
C6-BFZ,0A80C2,B737
N597FX,A7B7FB,CL35
N604AW,A7D630,A320
N891DN,AC4963,B739
CC-BAV,E8042C,A320
N578FX,A76CB4,CL35
N64535,n/a,C172
N7752B,AA7E3A,B737
N962AN,AD63A1,B738
JA20MC,84B5EE,A320
JA807A,86CF38,B788
JA329J,8515C4,B738
N233FR,A21432,A320
JA840J,86DCA2,B788
JA809X,86CF91,B738
JA656J,862D72,B763
JA751A,868688,B773
N953NN,AD4105,B738
N905NN,AC82F8,B738
N305PT,n/a,C172
N709UW,A977D4,A319
N735AT,A9DDB0,B77W
N153AN,A0D561,A321
N25469,n/a,C152
N653NK,A89915,A320
2301,AE2237,CN35
N113DX,A037B9,A321
N573FX,A75A21,CL35
N20454,n/a,C172
N837DN,AB72B3,B739
N709PT,n/a,C172
N934AZ,n/a,C172
N793PT,n/a,C172
N424AN,A50A88,A21N
A6-EQG,89649F,B77W
N846NN,AB975C,B738
9H-VCK,4D2119,CL35
N658JB,A8AB3C,A320
N22KJ,n/a,BOLT
N336TM,A3ADCE,B38M
N90AR,n/a,GB1
N249NN,A252A7,E75L
N71PT,n/a,RV7
N936NN,ACFD2C,B738
N315RJ,A35AE4,B38M
N275NN,A2BA48,E75L
N1192M,n/a,C172
N192BC,n/a,S22T
N715UW,A99077,A319
6551,E4955C,AS65
N938AZ,n/a,C172
N39EY,A480EB,TB30
N721NK,A9A879,A21N
N338AS,n/a,E75L
N447QS,A5660D,E55P
N64429,n/a,C172
N337MR,n/a,E75L
N809NN,AB0485,B738
N9611C,n/a,RV4
N3663T,A42569,HA4T
N813HD,AB1534,G150
N323ED,A379DD,E75L
N335AS,A3A873,E55P
HI1062,n/a,B734
N292NN,A2FE21,E75L
N621JD,n/a,EVSS
N937AT,ACFFBC,B712
N319CM,A3687E,B763
N747UW,AA0E62,A319
N289MW,A2F092,E75L
N99885,n/a,C172
N330TJ,A39781,B38M
N957GV,n/a,P06T
N925AN,ACD0CA,B738
N561FX,A72B34,CL35
N994NK,ADE2B5,A20N
N250RJ,A258FE,GLF4
TC-LLJ,4BB18A,B789
N859GT,ABC96F,B748
N172UC,n/a,C172
N933AZ,n/a,C152
N923WN,ACCB50,B737
N189AF,A16221,PC12
N933XJ,ACF2E4,CRJ9
N9552V,n/a,C172
N20155,n/a,C172
N438YX,A54312,E75L
N39HX,A48135,KMAX
N7763M,n/a,M20P
N936XJ,ACFE09,CRJ9
N144KT,n/a,RV4
N84WG,n/a,SONX
N899SA,n/a,GLIM
N12145,A05A6B,E45X
N35609,n/a,C172
C-GZSG,C08887,B38M
N144AN,A0B199,A321
N34AG,n/a,C421
94-0070,AE07E4,C17
N854UA,ABB7F7,A319
N341SC,n/a,C340
N190SL,n/a,ALIG
N638HA,A85C24,UH1
N142DM,n/a,LNC2
N899MA,n/a,GLIM
N98AB,n/a,VL3
N912RN,n/a,CH70
N2336T,n/a,P28R
N737WA,n/a,C172
N362,n/a,P28A
N355NB,A3F88E,A319
N858DA,n/a,SR20
N15472,n/a,P28A
N549NN,A6FA94,CRJ9
N773CP,AA746C,BE20
N38CF,n/a,DA40
N833SK,AB6519,CRJ9
N61WM,n/a,P32T
N2216V,n/a,C140
N413YX,A4E181,E75L
N373AC,n/a,BEAR
N49EV,n/a,EVSS
N589S,A798E7,S58T
N339SU,A3B8E1,B38M
N308PQ,A33E5E,CRJ9
CT-04,44F684,A400
N176DC,A12FC5,ALO2
166502,AE2FD2,E2
N8658L,n/a,PA25
N513GJ,A66D33,CRJ7
N636NN,n/a,CRJ9
HB-JJL,4B18B9,A320
EI-HGY,4CAD11,B38M
EI-ENM,4CA8D8,B738
TC-JMK,4BA9AB,A321
N75XT,n/a,MX1T
N433AW,A52E58,CRJ2
N28216,n/a,TAMP
F-CHCB,38407B,SF25
F-HBCD,398443,DA42
RA-73824,152060,A320
N502AE,A64163,CRJ7
N549CJ,n/a,LNP4
N623UP,A82332,B748
9H-QDR,4D225F,B738
OO-TMA,44D1A1,B38M
N905XJ,AC83D5,CRJ9
N187GJ,A15B4C,CRJ9
C-FUJZ,C035D4,CRJ9
F-JUVU,n/a,TTRS
F-JGPP,3807DD,NNJA
N506FB,n/a,EV97
N8887Q,AC3EE9,B38M
F-PLMJ,n/a,P270
G-RUKK,407F0D,B738
G-EZDV,405D0F,A319
N325R,n/a,SHEK
N95PW,AD33A8,C55B
N642AB,A86CAB,AS55
N200PQ,A19357,CRJ9
9H-TJB,4D21D4,B738
F-GUGN,3950CD,A318
F-CERA,n/a,GLIM
F-CFQP,n/a,GLIM
N926MT,n/a,C421
SP-RNM,n/a,B738
N993BH,n/a,DH8B
F-CHRY,n/a,JANU
EC-KJD,342592,A320
F-GZHT,3964F3,B738
F-HXKY,39DD58,AT76
N604XX,n/a,GLIM
N223CS,n/a,C240
N507FB,n/a,EV97
N321HX,A372CC,C425
F-CHJG,n/a,GLIM
OE-FBL,n/a,C25A
N344MA,n/a,DA40
N463K,n/a,BE35
OE-LQF,4403F0,A319
YK-SYR,n/a,B735
N224MS,n/a,SONX
N68RF,A9025B,B350
N411EA,n/a,SD4
N3173U,A363A6,S61
N7844A,AAA247,B737
N139HP,n/a,GA8
N644AM,n/a,CH2T
N255PM,n/a,SR20
N669MB,A8D6BD,E145
N5346K,n/a,C172
N347DN,A3D7A7,A321
N924NN,ACCE3F,B738
N5329F,n/a,PA46
CC-BGT,E8046F,B789
HP-1990WWP,n/a,B738
N649GT,A88752,B763
N141DZ,A0A6CA,P750
D-EXTT,n/a,EXNG
N259NN,A27A26,E75L
N21HJ,A1B7E1,HDJT
N456PF,A589B1,BE20
N553TS,A70C4A,C425
N681PA,A90834,SB20
N717RS,A99796,E50P
N7732A,AA76CB,B737
N932QS,ACEE86,C68A
N230LA,A2097B,AS50
F-HUVP,n/a,A359
N432R,n/a,SLG2
N237NN,A223BA,E75L
N862NN,ABD77E,B738
N838MH,AB772D,B764
N977NN,AD9EDF,B738
N567XP,A74306,BE40
N933HG,ACF184,EPIC
N769SK,AA6491,P3
N5291E,n/a,C172
N610UX,A7F096,E75L
N85213,n/a,LA4
XA-VUQ,n/a,A21N
N2758,n/a,C172
N316UV,n/a,B38M
N1526V,n/a,C172
N540UW,A6D9C3,A321
N429AN,A51D1B,A21N
N484DB,n/a,RV9
N603NG,n/a,DA40
N48AS,n/a,PTS2
N13LJ,n/a,S22T
N849SY,ABA2EF,B738
N862KD,ABD72A,M600
N895DM,AC583E,LJ31
N915AN,ACA94B,B738
N888ME,n/a,SR20
N52SM,A68831,H25C
N6042F,n/a,BE76
N321RL,A37389,B38M
N395LC,A49659,P180
N66831,A8D4CC,B739
N989LA,ADCD8E,BE20
N904NN,AC7F41,B738
N12679,n/a,C172
N969WN,AD7F96,B737
N62VX,n/a,SR22
N167SY,A10D56,E75L
LX-VCB,4D0101,B748
ZM419,43C5ED,A400
N388HA,A479B2,A332
N703JB,A9607D,A320
N506DA,A65086,A21N
HL7621,71BE21,A388
N21AN,n/a,T210
N87512,AC0B7F,B738
N37342,A441EF,B38M
N582DN,A77DAE,A21N
N607AF,n/a,PC24
N17425,n/a,B39M
TF-ISP,4CC4F1,B763
JA793A,86951C,B77W
N662JB,A8BC71,A320
N37470,A4460D,B739
N979RP,ADA699,E170
N773AN,AA7439,B772
C-GCJZ,C04AF4,CRJ9
N17435,n/a,B39M
N490PX,A61173,CRJ9
N874NN,AC066B,B738
N17272,A12403,B38M
C-FRQK,C02E8F,E75S
N209JQ,A1B449,E75S
N2038J,A1A0A1,A21N
N181GJ,A14502,CRJ9
N398DN,A4A0D9,A321
C-GOIO,C06A7F,A21N
A7-ANR,06A12E,A35K
N34535,n/a,A21N
N24706,A24C77,B737
N68834,A923CD,B739
01-0193,AE10BC,A320
N176FX,n/a,S76
N937XJ,AD01C0,CRJ9
N561GJ,A72B40,CRJ7
UK78706,507C59,B788
N536GJ,A6C756,CRJ7
N404LH,A4BC7F,B407
N315PQ,A35AB8,CRJ9
N17338,A12734,B38M
N446AM,A560F3,B789
N120DU,A05410,BCS1
HL7627,71BE27,A388
N922LR,ACC6A2,G150
N35262,n/a,C177
N224JQ,A1F0B4,E75S
N824NN,AB40F0,B738
08-08043,AE5258,H47
N749TF,n/a,DRON
N1256P,A0697D,C208
N508XJ,A659BE,CL30
HA-LXD,471F65,A321
EI-ILL,n/a,B38M
N471P,n/a,ULAC
N54446,n/a,P28A
N702CK,A95C38,B744
N2696W,n/a,M20P
N30VF,n/a,MIMU
N210HF,n/a,C172
N975RA,n/a,LEG2
G-JZHC,406C81,B738
A6-EUE,89645A,A388
OY-JYD,n/a,B738
N850BD,ABA775,TBM8
D-ETCY,3D3720,P208
N335AK,n/a,CC11
N36RA,n/a,BE36
N89313,AC5310,E75L
N496QS,n/a,E55P
N4BF,n/a,P337
N746CC,AA0909,E170
N17364,A12799,B38M
N723GA,n/a,GA7
N55VC,A6FEF0,LJ55
9H-QDI,4D2255,B738
EC-JTR,342398,A320
ZD984,43C4C7,H47
N3132J,A3549D,BCS3
95-3058,AE68E0,D328
D-ANCY,3C7879,A20N
N452SN,A57B27,B744
G-LCYO,40650B,E190
D-EDDG,3D0CE8,C172
EC-NJY,346499,A20N
EI-HAD,4CACA2,AT75
N17593,n/a,B39M
N572DT,A75634,A21N
N958JB,AD5329,A321
EI-IJK,4CAE60,B38M
9H-AKF,4D2470,B744
N3251J,n/a,BCS3
F-GJBP,39242F,PC6T
D-IRAS,3E443E,HDJT
EC-OFH,347658,A320
D-IGRK,3E28E4,C25A
G-EJCM,4080F7,A320
G-ZBKL,406F78,B789
Aug-92,AE2FA4,C17
LN-DYX,47878D,B738
G-OGFC,40788C,AT76
G-EZGG,406444,A319
G-LMTA,407CD7,AT76
D-MYKO,3FED76,G3
D-KGSA,3E6D9C,AS29
ZM726,43C948,H64
N864NN,ABDEEC,B738
PH-ZIP,484F0F,EUPA
D-EMHW,3D2524,P28A
EI-ENF,4CA892,B738
N539GJ,A6D27B,CRJ7
N1804R,n/a,BE77
D-EBVE,3D0972,A210
D-MTOM,3FEC9D,C42
9H-EXQ,4D2409,A319
G-LUGS,406020,A109
SP-RSI,48C228,B738
PH-IHW,48641E,PNR4
9H-QFA,4D251D,B738
G-EZDM,405B66,A319
EI-IGH,4CADBA,B38M
ZZ535,43C770,LYNX
N182GJ,A148B9,CRJ9
G-SAJN,400846,E145
D-EBKA,3D0850,A210
G-TTSC,n/a,A20N
G-TTSA,n/a,A20N
D-MMXE,n/a,BREZ
D-KBBW,3E5EC4,G109
D-IATP,3E1945,E50P
D-MBPF,3FFA49,LGND
N604LR,A7D725,CRJ9
9H-QFK,n/a,B738
3B-OGT,n/a,GLEX
G-SAJG,400795,E145
D-EWPG,3D404C,R300
G-UZHK,40756A,A20N
TC-JZU,4BAB55,B738
HB-JVX,4B19FD,E190
N799UA,AADB37,B772
N300PQ,A320A6,CRJ9
N480PX,A5E9F4,CRJ9
9H-WAV,4D242A,A320
XA-TAP,0D0CFC,EC75
TC-LTV,4BB296,A21N
TS-ITD,02A263,A320
4X-ICK,738C0B,B744
D-AINT,3C65D4,A20N
MM62191,33FFE5,C30J
11-20407,n/a,H60
EI-GSI,4CAFB5,B738
D-MARL,3FFBF3,SV4
YL-AAY,502D29,BCS3
N203JQ,A19DFF,E75S
N279WN,A2C9EC,B737
N309PC,A34209,B738
HB-YOY,4B40E4,PRIM
N903XJ,AC7C67,CRJ9
N124DX,A062EF,A321
VH-UQN,7C678D,F100
PH-7O7,n/a,PARA
N643JB,A8712A,A320
N569GJ,A748F8,CRJ7
N891QS,n/a,C700
N418DX,A4F239,A339
N108DQ,A022C6,BCS1
N861RW,ABD41A,E170
N653RW,A8996B,E170
N223JQ,A1ECFD,E75S
N3196J,A36B73,BCS3
N644NK,A8754D,A320
N559JB,A721A4,A320
N843BA,n/a,A5
N356NW,A3FC58,A320
N14731,A0BF8C,B737
N912XJ,ACA02F,CRJ9
N654AW,A89BAB,A320
N417YX,A4F05D,E75L
N915XJ,ACAB54,CRJ9
N361QS,A41172,C680
N77022,AA6BC0,B772
N225JQ,A1F46B,E75S
N260QS,A2806C,CL60
N337PJ,A3B11E,B738
N419YX,A4F7CB,E75L
N319PQ,A36994,CRJ9
N675UA,A8F00E,B763
N744YX,AA03A2,E75L
N478PX,A5E02D,CRJ9
N696AE,A94105,E145
N934XJ,ACF69B,CRJ9
N931XJ,ACEB76,CRJ9
N576NN,A765EC,CRJ9
C-GPOE,C06DB5,DH8D
N13720,A097E9,B737
N127QS,A06F22,GL5T
N882AF,AC2549,PC12
N14016,A0A54A,B78X
N195PQ,A17C12,CRJ9
N608AT,A7E509,B712
N324DU,A37D8A,BCS3
N601LR,A7CC00,CRJ9
N329PQ,A39113,CRJ9
PK-TJD,n/a,AJ27
N493RM,n/a,C172
N606LR,A7DE93,CRJ9
N37464,A445EE,B739
N908XJ,AC8EFA,CRJ9
N507GJ,A65490,CRJ7
N879RW,AC1951,E170
N147PQ,A0BE05,CRJ9
N919XJ,ACBA30,CRJ9
N945CA,n/a,P212
XA-DGG,0D0FF2,LJ75
N857NW,ABC29A,A332
N875RW,AC0A75,E170
N832SK,AB6162,CRJ9
N916SV,n/a,RISN
N153PQ,A0D6A8,CRJ9
N914XJ,ACA79D,CRJ9
C-FTJZ,C03330,CRJ9
00-0185,AE08CF,C17
N8512U,ABADC0,B738
00-0177,AE0813,C17
N784YX,n/a,E75L
16-20846,n/a,H60
58-0038,AE0477,K35R
N282CE,A2D5A0,G280
N8458Z,n/a,C205
N1297G,n/a,C310
N2348J,n/a,BE23
1-Aug,AE2FAD,C17
N999CM,ADF450,LJ55
G-AWGB,407941,SPIT
N200MD,n/a,P28A
G-ECRM,402988,RF6
G-VCRM,403723,RF6
G-ECLN,400F63,A346
D-ESLF,3D3553,R90F
G-ECGO,402F76,JUNR
F-HUNK,39D1AA,P180
G-CLSH,4070AD,GLIM
G-OXFB,406A99,PA34
D-EHVO,3D1954,P149
N306WW,A337A5,T28
PH-SFR,4864FA,BR23
D-MIGK,n/a,GYRO
G-DOSC,405EC4,DA42
G-BBMR,4025D9,DHC1
G-CMYA,n/a,J400
G-BYWD,400EB9,G115
G-DEPD,4059A1,GLIM
G-CMKJ,n/a,P28A
G-CEGU,4050DC,P28A
G-BYSP,40425C,P28A
G-ETPC,40738A,G12T
G-AWEI,401780,D6CR
N19DW,A16632,S22T
OO-OCM,44BC6D,C510
EI-EVM,4CA9EA,B738
D-EGLO,3D15AC,KL07
9H-SOP,4D24F0,DH8D
PH-ZCU,4861F9,PNR4
PH-EZS,484CC3,E190
D-EMWK,n/a,C82T
G-WUNB,40804D,A21N
OY-NFA,45B8C1,C650
G-ZAZU,401068,DA42
G-KCWJ,40648D,DUOD
N130GX,n/a,GX
G-FOOJ,407EBF,SUBA
N865FE,ABE1EC,C208
N502AV,n/a,SR20
N211UT,A1BF0D,S211
N491AK,A613D9,SH33
N230SS,A20A21,B222
N519SY,A68485,E75L
N700FX,A95521,C208
C-FGQP,C01188,A4
N752FX,AA220A,C208
N39LH,A48172,SC7
N190UW,A16A02,A321
N415FX,A4E746,E545
N200XC,A19413,BE20
N621KB,n/a,C25M
N123ML,A05FF5,BE20
N28034,n/a,P28A
N236KR,A21FBB,GLF4
N212UT,A1C2C4,S211
N821PA,n/a,P28A
N2JZ,A18E31,P46T
N283CM,A2D95E,B763
N28098,n/a,P28A
N373BR,A43F19,TUCA
N647CR,n/a,C172
N518QS,A68096,C68A
N415HD,A4E766,PRM1
N823PA,n/a,P28A
N149LA,n/a,C172
N850EF,n/a,SR20
N612QX,A7F7A0,CRJ7
C-FSLU,C030BB,B38M
N8320J,AB6229,B738
N775LA,n/a,C172
N754SK,AA2A7F,CRJ7
N865AF,n/a,G120
N26CC,n/a,CC19
N859TA,ABCA71,F16
N441DS,A54EB0,C441
N748EV,AA10BA,CRJ7
10-27028,AE4CFC,C27J
N142XX,A0AC41,L39
N604QS,A7D78A,C68A
N2483J,n/a,C188
N47964,A5E5D0,ST75
N522YY,A69299,PC24
N1022G,A00EC7,C25M
N638AG,n/a,C172
N30WM,A31EF9,EL10
N4118K,A4DB51,C208
N95TR,AD3407,TBM8
N4332X,n/a,P28A
N271NN,A2AB6C,E75L
N611AV,A7F289,CL35
N511SY,A666CD,E75L
N669AW,A8D5BD,A320
N418QS,A4F347,E55P
N834AW,AB674B,A319
N16511,A106D6,E135
N8158P,n/a,P28T
N1539E,n/a,C172
N939RC,n/a,J600
N5259G,A69F1B,O1
161261,AE4B31,H53S
N635AX,A85065,MRF1
N646AX,A87B9B,MRF1
N12952,n/a,C172
N16315,A0FF6C,UH1
N802RR,AAEAD2,G150
N350TZ,n/a,PA46
N312WW,A35048,SH33
N42ZC,A4FB88,PAY3
N88AQ,AC1B8B,PC12
N422BT,A50338,CL2T
N203VS,A19F14,LJ25
N139WS,A09EA5,L39
N369GX,A42E67,EPIC
N558PM,n/a,EXNG
N241CT,A233FA,WW24
N1006G,n/a,K900
N297EA,A30FE0,MD87
N806NA,AAF954,U2
N12009,n/a,M4
61-0320,AE07B3,K35R
T.23-13,3532CD,A400
N916RT,ACAE7E,PAY2
N9851,ADC032,P180
N801XR,n/a,SHIP
761572,AE61DB,F5
761546,AE61C9,F5
XA-VIQ,0D0B92,A20N
N363AL,A4177C,C25B
N50BK,n/a,YK50
N54ZP,n/a,C404
N36EJ,n/a,LGEZ
N439DF,A544DE,S2T
169226,AE5B68,C30J
168711,n/a,V22
N471MC,A5C5E7,B744
N465W,A5AE22,E50P
N374HK,n/a,Q9
C-GWSL,C080A0,M700
N337GT,A3B078,B350
N124LS,n/a,HDJT
C-FXFT,C03D52,KMAX
N1926S,A172D4,LJ31
N1277E,A07105,C25A
N23CT,n/a,TRDO
N213RE,A1C623,TBM7
G-MRLS,406727,CDUS
G-ECAC,40133D,HR20
N466AB,A5AFE7,P46T
N9961,n/a,EFOX
N6060Y,n/a,B60T
G-TSLC,404FEB,H269
N7828M,AA9B70,M600
N6382D,n/a,C172
N293EA,A30104,MD87
G-DRTA,407267,B738
G-GMAE,n/a,BE20
ZM729,43C94B,H64
N641AX,A86908,MRF1
G-SAJD,400944,E145
N1433F,n/a,C172
N7746B,n/a,AS02
N212XS,n/a,XNOS
EI-HMY,4CAD64,B38M
N11KR,n/a,T210
N540FA,n/a,ST30
G-VZED,4075B8,MM16
G-GDER,403DAF,R100
N925SJ,n/a,SS2T
N742PS,A9FB4E,A319
G-POWX,n/a,E190
N260MA,n/a,F260
TG-TJH,n/a,L410
N886SG,AC35B6,GA6C
D-MASP,3FF1BB,PNR3
HB-SYO,4B3206,PIVE
SE-LTR,4AB292,F50
N726US,A9BBA9,B722
F-GXLJ,395D69,A337
I-E718,n/a,VNTR
SE-RTC,4ACA83,B38M
EI-FPW,4CAF94,CRJ9
SE-MFO,4AB4CF,F50
N313BS,A35220,E75L
G-EUYA,405A49,A320
G-CKOU,405150,LK19
N4556U,n/a,AT3T
N3EE,A31B09,SF50
SE-MFP,4AB4D0,F50
A6-EOJ,n/a,A388
LX-WCV,4D010C,B744
N33180,n/a,J5
VP-COM,42417E,C500
HB-2418,4B4E19,TFUN
9H-1VJ,4D24DD,A189
OE-FAF,440154,C25A
SE-MNP,n/a,AT76
TEST611,n/a,DRON
SP-TPC,48C9E2,AAT3
G-OWEE,407D3E,B505
N977T,n/a,BE50
G-OAHL,407D2F,AS55
ZM403,43C5DD,A400
N138FS,A09977,DC3
N259EP,n/a,C172
N32KW,n/a,A32P
N223MP,n/a,AS26
N331AU,n/a,A33P
N865PA,n/a,C172
OY-NCO,45B86F,J328
FAM-3520,n/a,B732
N811T,n/a,LEGD
N9527M,n/a,C207
XB-THL,0D0FFF,C551
N347GA,A3D7E6,WW24
N3793M,n/a,PA12
XC-VSA,n/a,LJ28
N912KA,n/a,KFAB
N22LU,n/a,ONEX
N979DK,ADA569,BE30
N35288,n/a,J5
N910EE,AC9714,TBM9
XA-UQT,0D0724,DC93
N478NA,A5DFFF,B462
N696DB,n/a,RV3
N742P,n/a,ARCP
N126RY,n/a,COLT
N325DM,n/a,E75L
N63ED,n/a,SX30
60-0041,AE5887,B52
60-0015,n/a,A321
N59990,A7C282,ST75
N87SN,ABF59A,C650
N502GS,A64205,GA5C
N70HG,A952EB,E400
N155EA,n/a,EAGX
N8176,n/a,CP30
N387Y,n/a,M700
N618PJ,A80DC4,LJ40
N432ES,n/a,VM1
169864,AE7448,E2
N9823B,n/a,B14A
N977RW,n/a,SLH4
N672T,n/a,MUS2
N24189,A23748,L39
N832CA,n/a,TL30
N2AH,n/a,RENE
N577T,n/a,AKRO
N125TH,A067F6,C750
N147WL,n/a,SR22
N316WW,A35F24,SH33
N8205E,n/a,P28A
N80733,n/a,GC1
XA-AML,0D0804,B738
N234PB,n/a,FOX
170294,n/a,H53S
160490,AE60EC,T34T
N639AX,A85F41,MRF1
N227WA,A1FCF7,PC12
N619AX,A81043,MRF1
N618AX,A80C8C,MRF1
166763,AE1480,C30J
N302PT,A32817,DHC4
N56GL,n/a,BT36
N67PJ,n/a,GLIM
N499CF,n/a,ACAM
N125AZ,A0665D,B25
761526,n/a,F5
761560,n/a,F5
N665QX,A8C840,E75L
N748SK,AA11DC,CRJ7
N869JS,ABF11F,C56X
N110AP,A02C41,E55P
N588DT,n/a,A21N
N133DV,A086B5,T33
N8814K,AC247A,B38M
N73278,A9D5E7,B738
N3395G,A3BA4C,P47
N549XJ,A6FB71,CL30
N537UW,A6CC45,A321
N346PA,n/a,C25B
N750SK,AA1BA3,CRJ7
N129PG,n/a,GLIM
N398DC,A4A0CF,J328
N63820,A85E2B,B739
N8835Q,AC2C10,B38M
N302JE,A3278D,CL30
N163BP,A0FCFA,P63
N973KS,AD8FBC,BE30
N952JH,AD3CE5,AS32
N400NE,n/a,SYMP
N46528,n/a,TRF1
N5086X,n/a,CH7B
N429DF,A51D5F,V10
N2691V,n/a,C77R
N368PA,A42B4A,EXPL
N999FN,ADF49C,EPIC
2018,0D0959,TEX2
N2047,A1A42C,T6
N3242G,A37FD1,T6
N4447,A55CC6,T6
N775AN,AA7BA7,B772
N311SP,n/a,PETR
N3246G,A3805D,T6
N9323Z,ACEFF0,B17
N412BZ,n/a,RV9
N3545B,n/a,RV6
N514SY,A671F2,E75L
N1001L,n/a,YK55
N6367,n/a,KFIS
N1422K,n/a,SLH4
N87CN,ABF43C,MG15
169792,AE638D,B737
N3702F,n/a,G2T1
N181SD,A145F7,UH1
N291DR,n/a,COY2
N403SY,A4B96D,E75L
N8766T,AC0FDC,B38M
N617VG,n/a,UF13
N864E,n/a,KIS2
N327YR,A38A87,P180
86-0014,AE056B,C5M
N110Q,n/a,L8
N654QX,A89D0A,E75L
N8435L,n/a,C172
N923SB,n/a,P337
N779ZS,n/a,S22T
N56WT,n/a,S10S
N8961K,n/a,B38M
N179LC,n/a,C162
N36447,A41E2C,B739
N915US,ACAB11,A321
N81306,n/a,FA24
N4299H,n/a,PA14
N745W,AA0711,T28
N426DF,A5123A,S2T
N95S,AD33DE,BE9L
N747RD,AA0E06,MM16
N317KD,A361B7,MM16
N14521,A0B7FB,A21N
N121EW,n/a,P337
N893GT,AC5121,EC30
N9185Z,n/a,COUR
N135FL,A08E4C,P46T
G-MSBI,407D30,F406
N68CJ,n/a,RS20
N3755K,n/a,GC1
N1078Z,A0223D,HCAT
N37852,n/a,EAGL
N747XA,n/a,GLST
N674MR,n/a,AT6T
N490TX,A611D7,BE9T
N23YK,A20857,CJ6
N2007K,n/a,BE76
N330LS,n/a,ST30
N718BA,A999DF,BLCF
N9155,n/a,RLU1
N365DL,n/a,TAIL
C-FDAX,C00804,ASTR
N868WU,ABEE96,H25C
N29355,n/a,WACF
N56601,n/a,M5
N403AX,A4B7DC,KFIR
N791GE,n/a,CC19
N127VV,n/a,CH70
N147AZ,A0BCC9,DC3
N280KX,A2CEF2,G280
N793GE,n/a,CC19
N51GP,A65FBA,P51
N303RE,A32BF3,B38M
N590DT,n/a,A21N
N805SK,AAF60A,CRJ9
N28BP,n/a,AEST
9V-SFK,76CCCB,B744
G-TUII,406D70,B788
N123VV,A060C6,S211
N452AN,A57997,A21N
N72405,A9B4DE,B739
N5460V,A6F0A2,P51
N969TD,AD7F42,AC90
N6456C,n/a,BT36
N4417A,n/a,TF21
N311JB,n/a,P210
N5152D,n/a,C337
N712Z,A985BA,ZERO
N3670E,n/a,B58T
N532CP,A6B81B,HA4T
N507SY,A65598,E75L
N407AX,A4C6B8,KFIR
170012,n/a,H53S
N915AT,ACA950,B712
N425RE,A50FAE,C425
T.23-05,3532C3,A400
N116KM,n/a,PULS
N3150W,n/a,MOR2
N84BY,n/a,GLIM
N620AJ,A81646,T6
N744SK,AA0300,CRJ7
N11952,n/a,C150
N69MG,n/a,C172
N20TF,A19159,P51
90-0533,AE07D2,C17
N700HK,A95547,TBM7
N911TC,AC9C0E,P46T
N85104,ABAD84,P40
N1862K,n/a,L8
N628SC,n/a,SC01
N730BJ,n/a,T51
N521SY,A68E4C,E75L
N28045,n/a,P28A
N729ND,n/a,P28A
N575HA,A761AC,C650
N303JP,n/a,C303
N501MC,A63EBD,C501
N777YN,AA853B,BE9L
N1200V,n/a,C172
N2683M,n/a,PA12
N9202Y,n/a,PA31
N5387G,n/a,COUR
N60Y,n/a,C337
N88MT,AC1CA1,BE20
N9022M,n/a,C182
N3255J,n/a,BCS3
F-GTPU,394DF4,DR40
N3293J,n/a,BCS3
C-GIOX,C05B4C,PC12
F-BLDS,382C72,D150
F-GRKB,394541,P28U
F-HFED,399483,P28A
F-HZAM,39E40C,SIRA
OO-SBE,44CC45,A20N
C-GVJT,C07D1A,C560
F-GOSN,393A4D,C152
EC-MDZ,344644,A320
F-GVCC,395442,A210
N352NB,A3ED69,A319
F-HBMP,39858F,C212
F-GYZB,396321,CP10
D-KYAB,3EDB51,LAE1
N929L,n/a,DA40
OO-LUM,44B2AD,FA7X
SE-RTL,4ACA8C,B38M
G-VIIT,400771,B772
EI-IGL,4CADBE,B38M
EC-NNZ,3465D8,A320
EC-ISI,3465C9,A320
F-WWBD,n/a,A20N
F-GMQE,393204,TB20
F-HMBS,39B032,TBM8
F-JKTR,n/a,AP22
EC-LPN,344218,CRJX
EC-LVO,3443D3,A320
N438GT,A5417E,B744
PH-YHE,n/a,A21N
G-WUNA,408041,A21N
CT-03,44F683,A400
ZM723,43C945,H64
SP-ENN,4891AD,B738
F-GLNF,392DA5,B190
G-ETPK,4005A9,RJ70
EC-NDN,346204,A20N
OE-IDD,440CCC,A320
9H-QAF,4D21EE,B738
OO-MPL,44B60C,DR40
G-DBCH,400D5B,A319
G-CKYJ,40765F,P28T
G-EZAN,400DB1,A319
F-HCTD,398A63,DA42
EC-MQQ,3453D3,CRJX
CS-TTR,495292,A319
F-GXLO,395D6E,A337
CN-RHL,n/a,B38M
PH-HSG,484F6D,B738
99-0059,AE0805,C17
F-GMQD,393203,TB20
N339GS,A3B7E5,K100
SE-ROL,4AC9EC,A20N
EI-SCC,4CAD93,A20N
CS-TNT,4951D4,A320
F-HBXE,n/a,E170
F-HYPL,n/a,CP10
EC-MTE,3455D9,A319
G-BBRC,401B0B,SUBA
SE-RZA,n/a,A20N
G-UZMM,n/a,A21N
G-EZGJ,406539,A319
G-WARS,n/a,P28A
G-THDA,n/a,A109
F-HMAU,39B014,E50P
ZM405,43C5DF,A400
G-BRPC,407DE9,BN2T
ZK325,43C6D8,EUFI
ZZ382,43C6E6,LYNX
ZZ398,43C6BB,LYNX
F-HNDE,39B464,BR23
ZK314,43C6A7,EUFI
F-GXLN,395D6D,A337
F-BUGP,3850CF,RALL
M-AMBA,424B79,GA6C
F-HBTI,398668,BR23
F-GUGP,3950CF,A318
F-GZJX,396537,DA42
LX-SFA,4D029F,SF50
OE-LKX,440C36,A319
OO-SKC,n/a,DA40
PH-OHM,484A98,TAMP
OO-MAV,n/a,DA40
OO-TCQ,44D071,A320
9H-WFF,n/a,B744
OO-ASL,44866C,BE20
OO-ADC,448483,DA40
OK-JFA,49D3CE,BE4W
OO-SSB,44CE62,A319
G-YMMH,4007F3,B772
D-AIGW,3C64F7,A343
D-473,48084A,H47
G-ECLM,400A90,A346
OO-AAD,n/a,DA42
OO-AAC,448423,SLG2
N425FZ,A50EC7,C425
SE-RTK,4ACA8B,B38M
F-GEOQ,3911D0,P28R
58-0095,AE04FD,K35R
PH-BXB,484131,B738
LX-HDP,4D0270,EC55
EI-SIH,4CAFCD,A20N
OO-TNB,n/a,B738
D-AINC,3C65C3,A20N
HL8382,71C382,A359
S5-BBG,506C97,C550
CN-NMP,20175,A320
SP-LYH,n/a,B38M
D-AGMP,3C5DB0,E190
OO-CYN,448F2E,E550
OO-ACC,448463,C25A
G-TNEG,n/a,A21N
EI-EMF,4CA84E,B738
Apr-38,AE1448,C17
D-ILOU,3E35D4,C25A
N325PQ,A38237,CRJ9
OK-TVL,49D13D,B738
F-GMKY,393158,DR40
G-EUUS,40123F,A320
PH-VBG,4841B4,F2TH
CS-LTN,49328E,C68A
EI-DEJ,4CA280,A320
D-AGWD,3C5EE4,A319
EI-IMM,4CA973,A319
A6-EFY,n/a,B77L
ZH826,43C306,EH10
EC-OPA,n/a,B38M
EI-EKL,4CA80C,B738
G-EUYI,406250,A320
N823SK,AB3D9A,CRJ9
N773YX,n/a,E75L
N349MP,A3DFDE,C441
I-JENK,3009B2,E190
N591NW,A7A25F,B753
G-TTNA,407464,A20N
EI-DWH,4CA56D,B738
N359NW,A4077D,A320
N555NN,A71337,CRJ9
G-DBCJ,400F99,A319
G-DBCG,400D5A,A319
HB-AFJ,n/a,AT72
N18119,A14700,B752
VH-OQD,7C4923,A388
N674UA,A8EC57,B763
F-MGCN,n/a,GAZL
G-EUPP,4008B1,A319
D-AEAT,3C5434,A306
9XR-WX,n/a,A332
EI-NSF,4CAD7F,A20N
G-DBCD,400B82,A319
PH-BQL,484415,B772
G-EZWU,406A95,A320
HB-AFN,4B008F,AT72
N788YX,n/a,E75L
CN-NMN,20140,A320
N267FX,n/a,E545
N904DN,AC7E60,B739
N354CA,A3F3DC,CRJ7
N579DT,A77035,A21N
C-GVVS,C07E51,E550
N401DZ,A4B0BB,A339
N918AE,ACB468,E145
N826NW,AB4866,A333
N16525,A106FD,E135
N435QS,A53720,GLF4
N200SG,A1939A,FA50
C-FEJF,C00B80,E75S
07-7177,AE146F,C17
04-4137,AE1242,C17
06-6168,AE1466,C17
06-6167,AE1465,C17
04-4132,AE123D,C17
01-2001,AE178F,F15
11-5748,AE4E14,C30J
07-4637,AE1BF0,C30J
12-5761,AE54CE,C30J
03-3114,AE1197,C17
06-6163,AE1461,C17
09-9208,AE49C4,C17
04-4133,AE123E,C17
07-7189,AE20CA,C17
05-3145,AE1445,C30J
08-8192,AE2FA4,C17
08-8201,AE2FAD,C17
04-4138,AE1448,C17
N162PQ,A0FA70,CRJ9
G-VNAM,4073FF,O1
G-CTCC,400F83,DA42
9H-WAN,4D2422,A20N
ZD982,43C4CB,H47
N36PN,A40B45,GLF2
OE-FDN,4402E6,SC7
N2322Y,n/a,C172
G-ECLB,400E09,A346
G-EJMK,40497E,PTS1
G-CHNK,405391,GLIM
F-JUTJ,n/a,SKRA
G-ISAC,406D6D,ISPT
G-BWXB,403BE0,RF6
G-BWXA,403BDF,RF6
OO-SKW,44CD77,DA42
D-AIMB,3C65A2,A388
EC-MTC,3455D7,A319
G-BWXS,403BF4,RF6
G-BRRA,n/a,SPIT
N572RJ,n/a,C172
G-BMSB,402127,SPIT
F-BCCB,380841,BE35
ZH903,43C5FA,H47
G-XLEH,406B21,A388
9H-SFJ,n/a,C68A
G-FXVC,n/a,S76
G-GIMT,407E1C,DA62
N630UP,A83F8C,B748
G-CLWA,407665,GLIM
OY-VVO,45DACF,GL5T
G-BGPB,401DCB,T6
G-UWAS,404579,BDOG
F-GSTB,394A61,A3ST
F-JLWM,n/a,GUEP
N22VK,A1E08D,PRM1
N5214F,n/a,C162
N720HT,A9A44D,S64
N484E,A5F7D9,G2CA
N27EK,A2A491,G2CA
B-223S,781FC4,B77L
N142Z,A0AC5D,SH36
N159TB,n/a,BRAV
N466AM,n/a,SR20
N782TW,AA99B2,DC91
10-3077,AE68B2,D328
C-GGND,C055D6,DH8D
N434DF,A5324B,S2T
N6342L,n/a,C152
N530GS,n/a,EPIC
C-IPZM,n/a,BUSH
N696MY,A9422A,SF50
N66119,n/a,C150
N8921Q,AC4F4C,B38M
10-08805,n/a,H47
N89312,n/a,C152
99-3549,AE0882,TEX2
C-FXAW,n/a,WW24
N949KE,AD2F7D,G2CA
N424PB,n/a,SR22
N254EK,n/a,C172
N715VM,A99087,GA6C
07-7170,AE1468,C17
N201NN,A196F3,E75L
N581DA,A779EB,A21N
XA-SAA,0D055C,LJ45
N48286,n/a,C152
N576EA,A76518,EA50
166203,n/a,TEX2
N944SW,AD1DA9,CRJ2
N116BZ,A042AE,E190
N2114L,A1C028,P38
N855RA,ABBB63,BE40
09-27024,n/a,C27J
N668QS,A8D360,C68A
N315SF,n/a,C172
N259JX,A279CB,E135
N636QX,A8557A,E75L
N3904P,n/a,PA22
N646QX,A87CF9,E75L
14-20654,AE577E,H60
N180EZ,n/a,LGEZ
N153UP,A0D724,A306
JA611J,861E78,B763
N871CB,ABFA41,C25A
N999KM,n/a,C10T
B-LJM,780A70,B748
N322SY,A37765,E75L
N90422,AC80C1,DH3T
N551AS,A70333,B738
B-221S,781D6D,B77L
JA10XJ,845D1C,A359
JA145A,8468CC,A21N
JA218A,84B83E,A20N
08-8605,AE220C,C30J
N897DN,AC5FAD,B739
N35261,n/a,C82S
N779XW,AA8C98,B779
N709KA,A976DF,DH3T
N9766Z,AD9D31,DHC2
N604AT,n/a,MR25
N278TF,A2C5E3,EPIC
JA119Y,845EAE,EC25
JA653J,862D0C,B763
15-5813,AE5C94,C30J
5540,n/a,P1
JA24CF,n/a,A169
JA6911,863B07,EXPL
06-4633,AE1531,C30J
N104BE,A013AE,BE99
16-03105,n/a,H64
N72KA,A9A215,C208
N290AK,A2F584,B739
N597AS,A7B779,B738
N302SY,A32867,E75L
JA71KT,867A49,EC25
N520NA,A68A1B,GLF3
JA30CA,850EDC,D228
JA73AN,868094,B738
N17229,A1235B,B738
N237JQ,A22358,E75S
JA828P,86D68F,A320
17-03179,AE6060,H64
08-5692,AE4AFD,C30J
N26AF,n/a,SG37
D-AIFF,3C64C6,A343
HL8738,n/a,B738
JA111A,845D88,A321
JA901A,872742,B78X
5513,87C835,P1
JA222P,n/a,A20N
JA212A,84B772,A20N
LX-VCI,4D0112,B748
N147GX,A0BD5D,FA10
JA821P,86D5A1,A320
21-7001,AE6D74,BT7
N17CE,A1170B,B350
N286QS,n/a,E545
JA61AN,861FA4,B738
N166JA,n/a,C162
JA10YA,845D2C,HDJT
JA150A,846BB6,A21N
15-5817,AE5C96,C30J
JA341J,851BDC,B738
N191CH,A16C1C,H46
N583XL,n/a,XL2
N798TL,n/a,ST30
N5318M,n/a,C152
C-GNBE,C0671B,BCS3
N451SS,A57774,PC12
JA12FJ,8462C4,E75S
N311CC,n/a,RV12
N4409R,n/a,C172
N557AS,A7197D,B738
N5185T,A68240,CH7B
N19333,A1762D,C150
N301SY,A324B0,E75L
N184SY,A1512F,E75L
N4998V,A6350B,HCAT
N3762Y,A44CCA,B738
84-3504,87CD1A,E767
N9056R,AC84F9,DC6
N713FE,A987B4,AT76
45-1073,n/a,C130
23054,87C403,B350
N956FE,AD4B73,C208
JA55AN,85D42C,B738
N6043M,A7D8E8,C162
VN-A610,8880C6,A321
JA09FJ,842208,E75S
9907,n/a,US2
N83HH,AB56B8,B427
N900ME,AC7044,TBM9
N357EE,A3FF37,E550
N324NB,A37E5A,A319
N355CA,A3F793,CRJ7
N346NB,A3D4C6,A319
N400AN,A4ACAE,A21N
N907XJ,AC8B43,CRJ9
N249BA,A25188,BLCF
5515,n/a,P1
N677ST,A8F75B,PC12
B-32K2,n/a,A21N
B-919A,781EF0,C919
JA119E,845E9C,AS65
F-BFDS,381472,D11
G-AXJJ,401824,PUP
F-HPYM,39BF0C,DA62
F-HPUL,n/a,INTG
F-HELX,399177,LXR
N33958,n/a,S22T
D-CYKP,3D0073,C55B
OK-KRI,49D09B,Z43
D-MYGR,3FF68E,G70
G-BVNU,40392A,SAH1
ZM421,43C5EF,A400
G-CGZU,4066BC,SPIT
OO-RJC,44C943,DR30
OK-BUD52,n/a,ALTO
D-MPFB,3FF480,ZEPH
OK-DUD62,n/a,ALTO
D-FOOD,3D6FB7,PC12
G-LMLV,404281,MCR1
G-ATKX,40165B,D140
G-CTIX,402426,SPIT
N5757,A76449,P46T
G-BKGC,40203A,M6
D-CAWA,3CC23C,D328
F-HHAB,399C01,TBM8
G-ASXS,40160C,DR10
G-CGCV,40604A,XA85
G-BHBT,401E19,MA5
D-EOTF,3D2B93,DA50
N90CE,AC6D0A,LJ60
G-BWCY,403A94,RBEL
B-6305,7802D8,A321
N61RA,A7EDDD,LJ35
58-1218,n/a,KC2
C-FXJF,C03DAC,E75S
N392DN,A48A8F,A321
86-0083,AE08F1,BE20
N749FX,AA148C,C408
B-308U,7816C9,A21N
168129,AE4FD1,H60
SP-SPD,48C5E3,AT73
JA6941,863B6D,EC45
PH-KFC,4856C9,DA42
YL-ABJ,502D5B,BCS3
43-29,n/a,TOR
N27752,A2C39F,B3XM
C-FGZE,C01267,A4
RN-04,44F6A3,NH90
N723KP,n/a,PC12
N607SK,A7E2DA,CRJ7
G-XLEF,406A05,A388
N45848,n/a,FB1A
B-2035,7808CC,B77W
G-BKGM,4025A1,BE18
N937JB,AD0074,A321
N7353T,n/a,C172
D-AIJI,3C6549,A20N
N631UP,A84343,B748
G-CLNK,407A38,AT73
G-STBI,406A34,B77W
N795CK,n/a,B77L
G-ZBKD,406D7A,B789
290,738A45,B703
164404,AE0416,E6
24-4766,n/a,JAB2
VH-QQW,7C5356,F70
VH-FOJ,n/a,BE20
VH-FVO,n/a,A660
ZK-DDX,n/a,FU24
N661QX,A8B964,E75L
VH-ZRC,7C80F6,SF34
VH-ZMW,7C8056,BE20
VH-BZY,n/a,BE36
VH-TQC,n/a,C210
H4-SIB,897003,A320
VH-FON,7C1B55,BE20
VH-ZRZ,7C810D,SF34
ZK-RSQ,C82A81,BE20
VH-YBR,n/a,DA42
VH-85H,7CB083,BE20
94-0066,AE07E0,C17
N279NV,A2C92B,A320
ZK-LTW,n/a,CRES
N7393H,n/a,MR35
N3138J,A3556F,BCS3
C-FSRJ,C0314C,RJ1H
20-03333,AE6CAD,H64
N632QX,A8469E,E75L
JA09JJ,842250,A320
JA318J,85120E,B738
JA306J,850E36,B738
58-1219,n/a,F100
VH-YOF,n/a,C172
C-GLQK,C0635F,DH8D
VH-8NS,7CAE06,A319
91701,87C40C,TBM
VH-IMI,7C2A38,PC7
VH-BOC,n/a,M20P
VH-IQY,7C2AD8,E190
VH-FVN,n/a,AT45
N145WW,n/a,PA44
JA874A,86E7DE,B788
05-5145,AE144F,C17
N611AW,n/a,S22T
B-32AR,781E12,A20N
B-2437,78072A,B744
B-8876,7810EC,A320
N301NB,A32437,A319
RDPL-34188,70801B,A320
HL7724,71BF24,B739
HL8564,71C564,B738
B-6292,7802AE,A320
JA737Q,86803A,B738
JA10RC,845C86,AT46
91716,n/a,TBM
HL8396,71C396,A21N
HL8303,71C303,B738
B-12PP,n/a,AURA
B-5593,780744,B738
B-32FH,781FE7,A20N
B-5850,780B5C,B738
B-30FX,78198F,A20N
HL7585,71BD85,A333
HL8567,n/a,B38M
B-5537,78067C,B738
B-32CV,781EFC,A320
B-1426,781163,B738
B-5351,78047E,B738
B-209M,78164B,B738
B-6581,780595,A321
B-32PS,n/a,A21N
RA-73137,151DB1,B77W
88-1208,87CC39,KC2
HL8533,71C533,A21N
B-321E,781A98,A20N
02-1105,AE1177,C17
N8182E,n/a,C172
N8891Q,AC41CE,B38M
F-GXLI,395D68,A337
N3799X,n/a,VO10
OO-VSF,44DA66,FA8X
N45BN,A56FE9,WACF
PH-SVD,485FA6,Z42
C-FGZT,C01276,A4
G-BYLS,40334A,BD4
N20HT,n/a,C172
XA-VXL,0D0F35,A21N
G-AXUJ,401862,J1
G-CGAK,406113,ACR2
264,738A44,PC9
N8510E,ABAD6C,B738
G-IOIA,404923,SKAR
ZJ998,43C616,EH10
G-ACMA,401A5E,DH85
G-CONS,406EA5,TRAL
N4909G,n/a,C172
G-BSWG,4032C9,PA17
N136AN,A09188,A321
N704JP,A96440,H60
G-EWBC,404462,JABI
UR-CGV,508191,AN12
N7689F,n/a,P28A
N9PS,AC6BD0,GLEX
XA-VLS,0D09BD,A320
N285WN,A2E28F,B737
G-WDST,407BFC,SCOU
G-GGWP,n/a,S12S
G-CKPG,4051A7,DISC
ZK367,43C795,EUFI
G-AHIZ,401407,DH82
G-ZLNN,n/a,Z26
168459,n/a,Q4
N833DF,n/a,PA30
D-CPDB,3CE7EB,M28
G-OLEM,403081,D18
C-FERJ,C00C54,RJ85
C-GXFC,C081E9,L188
SX-OBT,46BC54,AT76
SU-BUZ,01024D,A20N
C-FRQA,C02E85,AT75
VH-AK3,7C0185,AT73
VH-FDM,7C19C8,BE20
VH-SQR,7C5D71,B463
UR-ZYD,n/a,A124
SX-OBU,n/a,AT76
9H-SAS,4D2003,B738
N52GX,A68741,PC12
N715JB,A98F6A,A320
N16GY,n/a,C240
24-03532,n/a,H64
N9812S,ADB18A,AC95
N299WN,A318EA,B737
N68802,A92362,B739
N340AU,n/a,PA44
13-20573,n/a,H60
N234AW,A21771,PC12
08-8200,AE2FAC,C17
24-03533,n/a,H64
16-20852,n/a,H60
N807JC,AAFCA9,C560
N9160Z,n/a,PA46
N7AG,A94FE3,PC24
N83AJ,AB560A,PC12
N17599,n/a,B39M
N8871Q,AC3A60,B38M
C-GFSX,C053C8,C25B
84-00144,AE03FD,BE20
N305CP,n/a,C172
N750YX,AA1C45,E75L
G-HMGH,40800D,B350
N444VR,n/a,SR22
N22AB,n/a,S22T
N78361,AA9EEF,E75L
N4911F,n/a,P28A
N523ER,n/a,C172
N38GP,n/a,TWEN
N117GB,n/a,RV12
N544QS,A6E837,C68A
N34101,n/a,C177
N48EF,n/a,C172
N158TP,A0E99E,M326
95-00091,ADFE90,BE20
N2901B,n/a,P28A
N11706,n/a,CH7B
N573UP,A75B5E,B744
N727QS,A9BEFC,CL35
N721EC,A9A7AA,LJ35
N106ED,n/a,C172
N646FR,A87C12,A21N
N3105S,n/a,C182
73-1215,AE2470,BE20
N1080J,n/a,RV4
C-GELU,C0506B,B38M
N4743X,n/a,T206
N88191,n/a,CH7B
N5668T,n/a,C172
N667QX,n/a,E75L
N221FX,n/a,CL35
N671FX,n/a,GLF6
N686RH,A91B00,B407
N216WR,A1D1D0,B737
N68961,n/a,C152
N499JB,A63251,GA5C
N3515S,n/a,C172
N401LP,n/a,C172
169452,AE6BA5,V22
N920NN,ACBF63,B738
N53742,n/a,C172
N453AA,A57D42,A21N
N5441V,A6E957,P51
N337AC,A3AFD3,AS50
N817SK,AB24F7,CRJ9
N910LM,AC97B1,TBM9
N427AN,A515AD,A21N
N7625F,n/a,P28A
N47844,n/a,PTS2
N400JX,n/a,AT46
N228PT,A20010,FA62
25-1001,n/a,DRON
N3576T,n/a,TF19
94-7319,ADFDE0,C130
N208UU,A1B190,C208
N7034E,n/a,BE65
166762,AE147F,C30J
N390MC,A483DF,DRON
N488B,A6066A,BE4W
N715HT,A98F61,S64
24-03534,n/a,H64
N553GJ,A70B2F,CRJ7
C-FFPH,C00EC2,B738
N460AN,A599A8,A21N
N32GW,A36CA2,DH2T
24-03545,n/a,H64
HB-2351,4B4DD6,AS25
CS-LUD,n/a,C68A
G-OOUK,4063DA,SR22
HB-3423,4B5206,GLID
0497,n/a,UH1Y
OK-KKA,49D16E,C72R
F-GGNU,3919B4,TB20
D-KFKF,n/a,A33E
D-IPPY,3E4082,P180
F-HNIZ,39B519,APM3
D-KFME,3E6A60,DUOD
D-2690,3EEB19,GLIM
D-KCBY,3E616A,GLIM
D-KDJH,3E64CD,GLIM
D-KFWA,3E6B60,ARCP
RA-67142,150646,CRJ1
RA-73768,152028,A320
UP-EM016,n/a,E35L
RA-73719,151FF7,A321
RA-73169,151DD1,A320
HB-3352,4B51BF,GLIM
HB-3343,4B51B6,GLIM
EW-514PO,5100FC,E195
RA-73142,151DB6,B77W
D-KIXS,3E7378,ARCP
PH-1609,485B01,ARCP
RA-73352,151E88,B752
RA-73747,152013,A320
B-303Z,781579,A333
RA-89180,155C5C,SU95
RA-67700,n/a,GL5T
RA-73753,152019,A320
RA-65733,1500C5,T134
RA-89063,155BE7,SU95
RF-64525,14FC0D,T204
RA-73403,151EBB,A320
RA-89112,155C18,SU95
RA-73036,151D4C,B735
RA-73406,151EBE,A320
RA-02880,140B40,E35L
RA-73091,151D83,B738
RA-89041,155BD1,SU95
71386,4C5C00,AN26
RA-73825,152061,A320
RA-73407,151EBF,A320
SP-MEN,n/a,SIRA
20-03350,AE6CBE,H64
TCSG-573,n/a,BTB2
TC-LAF,4BB026,B38M
OY-JYF,n/a,B738
20-03338,AE6CB2,H64
D-AIBD,3C6444,A319
SP-LIO,48AD0E,E75S
RA-89191,155C67,SU95
SP-RKQ,48C139,B738
OY-KAP,45AC30,A320
SP-MMA,48B180,B429
YU-ASD,4C0243,AT76
TC-SMI,4BCDA9,B38M
655,n/a,MI8
20-03346,AE6CBA,H64
D-CDAS,3CC7FE,E55P
PH-NXN,4864EB,E295
SP-LNM,48ADAC,E195
N406AN,A4C2F8,A21N
N4720R,n/a,C72R
HP-9921CMP,0C216C,B39M
N21TM,n/a,DA2
N608JB,A7E5C1,A320
N970PM,n/a,SLG2
N42HD,n/a,PA31
2317,E48E28,CN35
N820NV,n/a,B38M
N251V,A25D10,DHC2
N800G,AAE273,GA8C
N35236,A3EF1B,B738
N549WB,A6FB51,SC7
N477GT,A5DBC3,CLON
N371FL,A4380A,CVLT
N87365,AC04C3,E75L
N7815G,n/a,C172
N268CP,n/a,C182
N13563,n/a,WACC
N295SJ,A309A6,B06T
N826MH,AB4840,B764
N914ML,ACA6A5,E50P
N552H,A70788,S52
N431DA,A52721,LJ31
B-2005,780561,B77W
N969AN,AD7DA2,B738
N432FR,n/a,A20N
N8865L,AC3731,B38M
N233AZ,A213BD,B763
N738XD,n/a,C172
N487DF,A602EB,H60
N205CE,A1A4CD,UH1
N435DF,A53602,S2T
N2146,n/a,QIC2
N433DP,n/a,COZY
N90959,AC93C4,B47G
N226ZT,n/a,LK7E
N710VP,A97DF6,C650
N673BA,A8E6F7,PC12
N444ZG,n/a,NG5
9H-VJQ,4D20F9,GLEX
N538GJ,A6CEC4,CRJ7
G-VIIS,4006C4,B772
N965JT,AD6F93,A321
N549GJ,n/a,CRJ7
N979AT,ADA526,B712
N939AE,AD071D,E145
N296PQ,A30D18,CRJ9
N299PQ,A3183D,CRJ9
11-46060,AE5FA7,B762
16-46021,AE5BC6,B762
21-46092,AE63C8,B762
N532EA,A6B840,CRJ7
N955AT,AD474C,B712
N864RW,ABDF3F,E170
N113DQ,A037B2,BCS1
LX-ICL,4D012C,B744
98-0054,AE0800,C17
N615NN,A8028A,CRJ9
05-5139,AE1449,C17
N9227T,n/a,P28B
B-2077,7805DD,B77L
N918PD,ACB5AC,B429
N301PQ,A3245D,CRJ9
N626UP,A82E57,B748
D-MSKV,n/a,BW6T
N572NN,A75710,CRJ9
B-LJB,780232,B748
92-0551,ADFE86,C130
N551NN,A7045B,CRJ9
N126UP,A06BCC,A306
N298PQ,A31486,CRJ9
87-0032,AE057D,C5M
N136MV,A092A2,FA50
N64AR,A862F2,SF50
D-AIMA,3C65A1,A388
90-0535,AE07D4,C17
N311PQ,A34BDC,CRJ9
N137UP,A09702,A306
N515AE,A67407,CRJ7
N131DU,A07F46,BCS1
N575NN,A76235,CRJ9
N558NN,A71E5C,CRJ9
N31131,A34D63,E45X
EI-HSF,n/a,CRJ9
N133SV,n/a,VELO
A6-EOI,n/a,A388
N578GJ,n/a,CRJ7
N819PR,n/a,KIS4
N509FX,A65BF2,CL35
N691AV,A92E81,A319
N390ML,A483E7,PRM1
F-PDHZ,n/a,DTA2
N7715C,n/a,P51
N777BY,n/a,DA62
N669SX,n/a,UF10
N431DF,n/a,S2T
N438DF,n/a,S2T
N520MD,n/a,MD52
N899JT,n/a,FDF2
N47724,n/a,TAYD
N402GA,n/a,GA4C
N4171U,n/a,STAR
N650KP,n/a,C650
RA-73046,n/a,B735
RA-73330,n/a,B772
RA-89022,n/a,SU95
RA-73749,n/a,A320
N462DF,n/a,C130
F-JBXX,n/a,TEXA
D-EAON,n/a,P28R
D-IBRN,n/a,C25A
EI-HGM,n/a,B38M
N5972H,n/a,PA16
D-MYHG,n/a,PNR2
N7877T,n/a,C25B
N940DF,n/a,TBM9
D-MSJK,n/a,PIAT
F-BPKH,n/a,DR22
9H-QBV,n/a,B738
I-IVVW,n/a,G103
F-JTOJ,n/a,KP2
N8018T,n/a,Y18T
RA-73090,n/a,B738
D-KAXA,n/a,AS16
RA-73300,n/a,B738
N8KR,n/a,C10T
F-BRFS,n/a,D253
166421,n/a,F18S
N665JP,n/a,SF50
N912JM,n/a,STG2
N919AT,n/a,B712
N131EV,n/a,CRJ9
N909BJ,n/a,PC12
N146RC,n/a,CTAH
N693LD,n/a,S22T
N56DH,n/a,ASTR
N8128L,n/a,C210
N822VJ,n/a,SF50
N84NR,n/a,C25M
N633AH,n/a,C208
N684KW,n/a,P68
N245MA,n/a,P32R
N36833,n/a,AR6T
N363EA,n/a,TBM8
N414KW,n/a,C414
N8045V,n/a,C188
N616L,n/a,M600
N16LR,n/a,U15
165817,n/a,E2
N287JB,n/a,LNP4
N2860X,n/a,YK52
C-FPRP,n/a,B738
N686QS,n/a,C56X
N822GT,n/a,SR20
N7SZ,n/a,LNC4
N547P,n/a,B350
N802MC,n/a,C335
N428BL,n/a,C182
N858R,n/a,LNC4
N220JW,n/a,G200
C-GPJZ,n/a,CRJ9
N540BF,n/a,EDGE
N7515J,n/a,P28R
N9023C,n/a,C180
N914CF,n/a,TBM8
N1760M,n/a,C182
N491JV,n/a,BE9L
N321BG,n/a,SR22
N804WG,n/a,EPIC
N500BA,n/a,BE58
N408DA,n/a,PC12
N656RW,n/a,E170
N904JC,n/a,LJ60
C-FKJZ,n/a,CRJ9
166494,n/a,V22
60-0351,n/a,K35R
N16TM,n/a,BE9L
N447AN,n/a,A21N
N804LP,n/a,S22T
N364CD,n/a,SR20
11-5719,n/a,C30J
N7005N,n/a,BE33
N107KQ,n/a,K100
N596NN,n/a,CRJ9
N931JX,n/a,E145
162310,n/a,C130
N827MH,n/a,B764
N412SW,n/a,CRJ1
07-20055,n/a,H60
87-0036,n/a,C5M
61-0016,n/a,B52
N17436,n/a,B39M
N293PQ,n/a,CRJ9
N136SY,n/a,E75L
N702LK,n/a,GL5T
N318CL,n/a,FA8X
N554GJ,n/a,CRJ7
N231RR,n/a,TARR
N76526,n/a,B738
N2086J,n/a,A21N
N292PQ,n/a,CRJ9
N341PQ,n/a,CRJ9
159356,n/a,S61
05-5152,n/a,C17
N864JS,n/a,C56X
N749SE,n/a,FBA2
N3403,n/a,EXNG
N691CA,n/a,CRJ9
69-6669,n/a,B212
N566GJ,n/a,CRJ7
N459QS,n/a,E55P
07-20071,n/a,H60
N448VA,n/a,S22T
N198ED,n/a,CH7B
N546GJ,n/a,CRJ7
N67052,n/a,B764
N350YR,n/a,BE35
N722TW,n/a,B752
N144DU,n/a,BCS1
N401FN,n/a,B06
N343SY,n/a,B38M
N280WA,n/a,G280
N920PD,n/a,B429
N927AT,n/a,B712
N2029J,n/a,A21N
N556AS,n/a,B738
N137EV,n/a,CRJ9
C-FJFZ,n/a,CRJ9
N687JS,n/a,E145
N878RW,n/a,E170
N925XJ,n/a,CRJ9
N818MD,n/a,E170
N917XJ,n/a,CRJ9
B-2487,n/a,B748
N646AE,n/a,E145
N824MD,n/a,E170
N963LG,n/a,SR20
N105NN,n/a,A321
N584JB,n/a,A320
N526EA,n/a,CRJ7
N695CA,n/a,CRJ9
N586NW,n/a,B753
N491PX,n/a,CRJ9
HL7635,n/a,A388
N137DU,n/a,BCS1
N543GJ,n/a,CRJ7
N324BK,n/a,PC12
N116DE,n/a,S22T
N422CB,n/a,C172
N927XJ,n/a,CRJ9
N488VC,n/a,CL35
N523JJ,n/a,AVTR
N506GJ,n/a,CRJ7
N3171E,n/a,C172
N875HB,n/a,HA4T
N795QS,n/a,CL35
A6-EUH,n/a,A388
N459FX,n/a,GLF4
N882WP,n/a,CH80
N880RW,n/a,E170
N351DT,n/a,P51
N336PQ,n/a,CRJ9
N232PQ,n/a,CRJ9
N616VG,n/a,FA6X
HL8076,n/a,B77L
17-46024,n/a,B762
N616NK,n/a,A320
N812DA,n/a,C172
CC-BGR,n/a,B789
N627NK,n/a,A320
N918AN,n/a,B738
N184GJ,n/a,CRJ9
N421YX,n/a,E75L
N17104,n/a,B752
N903CA,n/a,C402
N219YX,n/a,E75S
N593DX,n/a,A21N
N865RW,n/a,E170
N313PQ,n/a,CRJ9
N634JB,n/a,A320
N65628,n/a,C172
N521GJ,n/a,CRJ7
N417DC,n/a,PA32
N923XJ,n/a,CRJ9
N6338F,n/a,C172
N36HF,n/a,S76
A6-EUV,n/a,A388
N349PQ,n/a,CRJ9
N969CA,n/a,P212
N538CA,n/a,CRJ9
N307PQ,n/a,CRJ9
9H-AKA,n/a,B744
N116FE,n/a,GALX
N938AT,n/a,B712
N710PS,n/a,CRJ7
N509AE,n/a,CRJ7
N61RW,n/a,C320
N505JH,n/a,C501
04-3143,n/a,C30J
N231PF,n/a,M20T
N305PQ,n/a,CRJ9
N524AE,n/a,CRJ7
N516GJ,n/a,CRJ7
N479FX,n/a,GLF4
N678CA,n/a,CRJ9
N505QS,n/a,C68A
N135EV,n/a,CRJ9
N3839J,n/a,BE24
N508RZ,n/a,C650
N181PQ,n/a,CRJ9
N163PA,n/a,GLF3
N10KA,n/a,KMAX
N303PQ,n/a,CRJ9
N315QS,n/a,C680
N9799,n/a,T206
N848MM,n/a,ACAM
N324PQ,n/a,CRJ9
N2677P,n/a,LA4
N851D,n/a,P51
N6544,n/a,J3
N603CK,n/a,M700
N8580E,n/a,P28A
N713JT,n/a,CORS
N993AT,n/a,B712
N8916Q,n/a,B38M
N918XJ,n/a,CRJ9
N535GJ,n/a,CRJ7
N545PB,n/a,CRJ7
N330AP,n/a,GALX
N10607,n/a,P51
N2919T,n/a,M200
N78LV,n/a,SF50
N936AT,n/a,B712
N375EF,n/a,C56X
N5530X,n/a,BE36
N6086Z,n/a,H500
N567RR,n/a,PIPA
N614LG,n/a,SHIP
N2150G,n/a,C172
N654RJ,n/a,VELT
N84BL,n/a,B407
N101DU,n/a,BCS1
N501BG,n/a,CRJ7
N294PQ,n/a,CRJ9
N537EA,n/a,CRJ7
N922PD,n/a,B412
N826MT,n/a,B58T
N843MH,n/a,B764
N69F,n/a,B407
N7QD,n/a,B06
D-CFMF,n/a,B350
03-3117,n/a,C17
PH-CLB,n/a,TBM9
N581UP,n/a,B744
C-GJNZ,n/a,CRJ9
N482PX,n/a,CRJ9
N228PQ,n/a,CRJ9
N166PQ,n/a,CRJ9
20-21109,n/a,H60
N823MD,n/a,E170
N591EM,n/a,F5
N679FE,n/a,A306
CX-LSS,n/a,SW4
N49NN,n/a,SF50
HK-5114,n/a,AT46
LV-GIQ,n/a,E190
HP-1833CMP,n/a,B738
HK-5315,n/a,AT46
57-1514,n/a,K35R
7T-VPR,n/a,GLF4
N815MD,n/a,E170
N67058,n/a,B764
N77871,n/a,B753
N724AV,n/a,A320
HL7622,n/a,A388
N606PD,n/a,B429
N861NW,n/a,A332
N419US,n/a,P06T
LV-CIG,n/a,E190
Q-40,n/a,H64
N126ML,n/a,PA44
LV-KJD,n/a,B738
CC-CZZ,n/a,B763
CC-DIA,n/a,A20N
D-AIGS,n/a,A343
75-0125,n/a,B742
CC-AZG,n/a,A20N
LV-IVO,n/a,A320
CC-COZ,n/a,A319
HK-5421,n/a,A320
CC-BAH,n/a,A320
N553CB,n/a,G150
N442NA,n/a,EC35
N51LW,n/a,P51
N719PS,n/a,CRJ7
N27M,n/a,B06
N677AE,n/a,E145
N962JX,n/a,E145
N4170V,n/a,P32R
N77NY,n/a,B407
ZM400,n/a,A400
N2639U,n/a,B77W
N930XJ,n/a,CRJ9
N3A,n/a,SHIP
N950HC,n/a,AT8T
N622KM,n/a,BE20
N786SK,n/a,CRJ7
20-46079,n/a,B762
N802SC,n/a,SLG2
N5485M,n/a,BE76
B-LJG,n/a,B748
15-46070,n/a,B762
N109DU,n/a,BCS1
N272PQ,n/a,CRJ9
XA-NGR,n/a,CVLT
169462,n/a,V22
N1969N,n/a,CJ6
ZK-TBE,n/a,TBM
N785CA,n/a,P212
N81MX,n/a,DEFI
VH-VZK,n/a,B738
ZK-SLQ,n/a,GA8
N211UA,n/a,B772
N62HA,n/a,CL60
N855SH,n/a,LNCE
ZK-ZOZ,n/a,BUSH
ZK-HGJ,n/a,AS50
ZK-SPI,n/a,SPIT
ZK-DOC,n/a,C185
ZK-MCS,n/a,C208
ZK-BHT,n/a,P51
ZK-MVO,n/a,AT76
ZK-JJR,n/a,JABI
ZK-SLD,n/a,GA8
ZK-OYA,n/a,A21N
VH-8IK,n/a,B38M
ZK-OAJ,n/a,ECHO
ZK-EOJ,n/a,C152
ZK-HPM,n/a,EC20
VH-A5A,n/a,A20N
ZK-WAX,n/a,C172
ZK-MVQ,n/a,AT76
ZK-OAN,n/a,CRES
ZK-MMZ,n/a,C208
ZK-DNO,n/a,C150
ZK-SWW,n/a,CH60
N18097,n/a,L12
N73PL,n/a,EVOT
A97-440,n/a,C30J
ZK-MVG,n/a,AT76
N926NA,n/a,WB57
ZK-TOP,n/a,T18
ZK-DOV,n/a,C206
ZK-OXI,n/a,A320
ZK-SPD,n/a,CH60
ZK-DVD,n/a,BE24
ZK-YOV,n/a,YAK3
ZK-KDK,n/a,K100
ZK-KDI,n/a,K100
ZK-IDF,n/a,AS50
ZK-HTW,n/a,AS50
ZK-DXA,n/a,C180
24-03542,n/a,H64
N345DG,n/a,B350
N69887,n/a,L5
ZK-MOT,n/a,AT3T
ZK-OYC,n/a,A21N
N901FF,n/a,BE20
ZK-FBT,n/a,BALL
N628MT,n/a,S22T
ZK-RGZ,n/a,C82S
VH-VGD,n/a,A320
ZK-OTU,n/a,T6
ZK-MZF,n/a,AT76
ZK-ZOL,n/a,BUSH
ZK-TFS,n/a,C172
ZK-GTF,n/a,GLIM
ZK-HYB,n/a,EC30
VH-GJX,n/a,A34E
VH-GZV,n/a,AS28
N1079L,n/a,LA4
N712PS,n/a,CRJ7
N7CS,n/a,GLEX
N55TU,n/a,DA62
N3704L,n/a,C172
N982AT,n/a,B712
N27DX,n/a,S76
N553NN,n/a,CRJ9
N5150V,n/a,C56X
N616NN,n/a,CRJ9
N576GJ,n/a,CRJ7
D-AIMM,n/a,A388
N613NN,n/a,CRJ9
N103LT,n/a,T6
N840MH,n/a,B764
N554WM,n/a,C182
C-GMZN,n/a,BCS3
N69059,n/a,B764
N256JX,n/a,E135
N103NA,n/a,DC3
170016,n/a,P8
N67C,n/a,LA4
N818EP,n/a,C172
N484L,n/a,LNP4
N655CA,n/a,CRJ7
N252FE,n/a,B763
N2109Z,n/a,KM2
65-10447,n/a,T38
N1080M,n/a,C182
N52275,n/a,C172
N55231,n/a,C172
N186CS,n/a,C172
N925AT,n/a,B712
N878L,n/a,LESP
N547FX,n/a,CL30
N451EE,n/a,MX2
N12TS,n/a,LGEZ
N582UP,n/a,B744
N443AC,n/a,CH7B
N611BY,n/a,M7
N430SY,n/a,E75L
N28338,n/a,AA5
76-0166,n/a,BE20
N361L,n/a,C172
N5043J,n/a,C172
N123JL,n/a,DHC2
N5351N,n/a,PTS2
N282MM,n/a,C172
N363K,n/a,C172
N421AW,n/a,C421
N737GM,n/a,C172
N6605D,n/a,C172
G-RIMM,n/a,WASP
EI-HIE,n/a,CRJX
EI-EFZ,n/a,B738
RA-96018,n/a,IL96
B-308M,n/a,A359
G-CTCH,n/a,DA42
G-HRND,n/a,C182
G-ECLE,n/a,A346
LY-CRA,n/a,MD3R
RA-73241,n/a,B738
B-227T,n/a,B789
N989JT,n/a,A321
N713BA,n/a,A5
EP-835,n/a,AN32
N420YX,n/a,E75L
N932AE,n/a,E145
N46BW,n/a,C510
